"SIMNO","NSIMS","POIP","PSPO","POAC","PADO","PORC","PDRO"
1000,500,0.0067,0.07,998,0.399,7222,1.54
1001,500,0.2239,0.07,3726,0.399,4457,1.54
1002,500,0.3484,0.07,8021,0.399,9441,1.54
1003,500,0.0159,0.07,1780,0.399,8700,1.54
1004,500,0.0976,0.07,28,0.399,6229,1.54
1005,500,0.0411,0.07,7853,0.399,6147,1.54
1006,500,0.0594,0.07,8039,0.399,1188,1.54
1007,500,0.3007,0.07,6889,0.399,370,1.54
1008,500,0.2214,0.07,6176,0.399,1745,1.54
1009,500,0.4721,0.07,5513,0.399,2642,1.54
1010,500,0.447,0.07,943,0.399,8313,1.54
1011,500,0.3243,0.07,896,0.399,5404,1.54
1012,500,0.3966,0.07,6924,0.399,4738,1.54
1013,500,0.1499,0.07,4527,0.399,3575,1.54
1014,500,0.2961,0.07,160,0.399,2805,1.54
1015,500,0.1638,0.07,3906,0.399,3469,1.54
1016,500,0.4387,0.07,3990,0.399,7737,1.54
1017,500,0.2185,0.07,7222,0.399,6928,1.54
1018,500,0.1283,0.07,7869,0.399,5379,1.54
1019,500,0.3798,0.07,201,0.399,5940,1.54
1020,500,0.2731,0.07,6701,0.399,7798,1.54
1021,500,0.3885,0.07,9005,0.399,6705,1.54
1022,500,0.4684,0.07,6816,0.399,8775,1.54
1023,500,0.1418,0.07,6743,0.399,4419,1.54
1024,500,0.0419,0.07,9671,0.399,934,1.54
1025,500,0.3628,0.07,4720,0.399,1190,1.54
1026,500,0.4935,0.07,7678,0.399,7300,1.54
1027,500,0.4947,0.07,3473,0.399,108,1.54
1028,500,0.4445,0.07,6458,0.399,7755,1.54
1029,500,0.377,0.07,7784,0.399,9852,1.54
1030,500,0.3359,0.07,2894,0.399,5980,1.54
1031,500,0.2067,0.07,3827,0.399,985,1.54
1032,500,0.1389,0.07,713,0.399,5566,1.54
1033,500,0.3607,0.07,8148,0.399,3727,1.54
1034,500,0.1949,0.07,5750,0.399,5782,1.54
1035,500,0.1263,0.07,9770,0.399,6192,1.54
1036,500,0.0651,0.07,7355,0.399,8991,1.54
1037,500,0.0054,0.07,8403,0.399,5504,1.54
1038,500,0.1793,0.07,3102,0.399,1752,1.54
1039,500,0.3613,0.07,3508,0.399,4255,1.54
1040,500,0.402,0.07,8381,0.399,334,1.54
1041,500,0.2064,0.07,583,0.399,2162,1.54
1042,500,0.2172,0.07,8724,0.399,422,1.54
1043,500,0.0237,0.07,7271,0.399,316,1.54
1044,500,0.3076,0.07,7555,0.399,2841,1.54
1045,500,0.1744,0.07,371,0.399,4668,1.54
1046,500,0.0374,0.07,8607,0.399,2799,1.54
1047,500,0.2948,0.07,4415,0.399,580,1.54
1048,500,0.4527,0.07,965,0.399,9414,1.54
1049,500,0.1503,0.07,2291,0.399,6002,1.54
1050,500,0.4145,0.07,2009,0.399,4572,1.54
1051,500,0.3729,0.07,8869,0.399,7780,1.54
1052,500,0.024,0.07,4506,0.399,3217,1.54
1053,500,0.3467,0.07,6143,0.399,7191,1.54
1054,500,0.2155,0.07,4234,0.399,2769,1.54
1055,500,0.1678,0.07,2418,0.399,6494,1.54
1056,500,0.0235,0.07,656,0.399,4407,1.54
1057,500,0.0448,0.07,9350,0.399,5515,1.54
1058,500,0.1462,0.07,9325,0.399,2839,1.54
1059,500,0.3362,0.07,1725,0.399,4972,1.54
1060,500,0.2802,0.07,4956,0.399,3916,1.54
1061,500,0.3708,0.07,5457,0.399,2935,1.54
1062,500,0.3165,0.07,8966,0.399,2407,1.54
1063,500,0.1431,0.07,3816,0.399,2998,1.54
1064,500,0.1036,0.07,1562,0.399,8256,1.54
1065,500,0.2808,0.07,5970,0.399,4963,1.54
1066,500,0.4336,0.07,1639,0.399,4287,1.54
1067,500,0.3522,0.07,7199,0.399,3602,1.54
1068,500,0.3396,0.07,793,0.399,3011,1.54
1069,500,0.2001,0.07,1132,0.399,7107,1.54
1070,500,0.2534,0.07,8010,0.399,7576,1.54
1071,500,0.2049,0.07,8623,0.399,8799,1.54
1072,500,0.0463,0.07,2474,0.399,7719,1.54
1073,500,0.3173,0.07,4275,0.399,1360,1.54
1074,500,0.4844,0.07,3287,0.399,3098,1.54
1075,500,0.364,0.07,9948,0.399,7681,1.54
1076,500,0.0288,0.07,3429,0.399,2181,1.54
1077,500,0.1329,0.07,5331,0.399,8373,1.54
1078,500,0.3991,0.07,1,0.399,4937,1.54
1079,500,0.2785,0.07,1412,0.399,9830,1.54
1080,500,0.3307,0.07,6272,0.399,7041,1.54
1081,500,0.0613,0.07,2241,0.399,1056,1.54
1082,500,0.3618,0.07,7506,0.399,2729,1.54
1083,500,0.2297,0.07,3867,0.399,6388,1.54
1084,500,0.1031,0.07,3209,0.399,828,1.54
1085,500,0.1112,0.07,3168,0.399,3734,1.54
1086,500,0.4639,0.07,9635,0.399,3784,1.54
1087,500,0.4308,0.07,872,0.399,4785,1.54
1088,500,0.0491,0.07,1620,0.399,2784,1.54
1089,500,0.4469,0.07,3233,0.399,1420,1.54
1090,500,0.0693,0.07,553,0.399,9794,1.54
1091,500,0.1411,0.07,7835,0.399,3654,1.54
1092,500,0.4603,0.07,7311,0.399,2435,1.54
1093,500,0.1109,0.07,9791,0.399,2892,1.54
1094,500,0.1672,0.07,2105,0.399,903,1.54
1095,500,0.1104,0.07,5226,0.399,4430,1.54
1096,500,0.2196,0.07,1824,0.399,264,1.54
1097,500,0.4331,0.07,1779,0.399,9125,1.54
1098,500,0.403,0.07,4081,0.399,1597,1.54
1099,500,0.319,0.07,1174,0.399,2228,1.54
1100,500,0.4082,0.07,5123,0.399,7400,1.54
1101,500,0.2957,0.07,5924,0.399,852,1.54
1102,500,0.3689,0.07,346,0.399,2519,1.54
1103,500,0.1293,0.07,7210,0.399,515,1.54
1104,500,0.3883,0.07,2781,0.399,831,1.54
1105,500,0.2395,0.07,9130,0.399,911,1.54
1106,500,0.1332,0.07,3247,0.399,6762,1.54
1107,500,0.3463,0.07,3024,0.399,4263,1.54
1108,500,0.268,0.07,220,0.399,1779,1.54
1109,500,0.4509,0.07,3253,0.399,7218,1.54
1110,500,0.4902,0.07,5275,0.399,7022,1.54
1111,500,0.2098,0.07,9789,0.399,1694,1.54
1112,500,0.1252,0.07,9711,0.399,6546,1.54
1113,500,0.2595,0.07,7653,0.399,2286,1.54
1114,500,0.1011,0.07,8615,0.399,5724,1.54
1115,500,0.1997,0.07,9886,0.399,345,1.54
1116,500,0.341,0.07,1465,0.399,4838,1.54
1117,500,0.14,0.07,853,0.399,2618,1.54
1118,500,0.4182,0.07,7245,0.399,9995,1.54
1119,500,0.4999,0.07,8841,0.399,8300,1.54
1120,500,0.0196,0.07,4320,0.399,2219,1.54
1121,500,0.4128,0.07,7282,0.399,5039,1.54
1122,500,0.353,0.07,8397,0.399,7812,1.54
1123,500,0.2433,0.07,3127,0.399,1351,1.54
1124,500,0.0421,0.07,6495,0.399,2711,1.54
1125,500,0.3299,0.07,7923,0.399,8506,1.54
1126,500,0.0724,0.07,8948,0.399,6758,1.54
1127,500,0.1352,0.07,8272,0.399,9627,1.54
1128,500,0.0335,0.07,8350,0.399,3470,1.54
1129,500,0.0399,0.07,6825,0.399,9400,1.54
1130,500,0.4492,0.07,3688,0.399,1386,1.54
1131,500,0.0057,0.07,9361,0.399,7546,1.54
1132,500,0.4095,0.07,3664,0.399,3923,1.54
1133,500,0.1361,0.07,4254,0.399,6525,1.54
1134,500,0.095,0.07,1128,0.399,3779,1.54
1135,500,0.4039,0.07,2670,0.399,1440,1.54
1136,500,0.4663,0.07,6056,0.399,7110,1.54
1137,500,0.4031,0.07,3092,0.399,664,1.54
1138,500,0.2027,0.07,3295,0.399,3802,1.54
1139,500,0.1642,0.07,2606,0.399,5285,1.54
1140,500,0.4397,0.07,7203,0.399,9375,1.54
1141,500,0.4457,0.07,7872,0.399,7133,1.54
1142,500,0.0943,0.07,5205,0.399,8181,1.54
1143,500,0.3059,0.07,5351,0.399,5551,1.54
1144,500,0.2945,0.07,1361,0.399,9812,1.54
1145,500,0.4103,0.07,2217,0.399,7931,1.54
1146,500,0.003,0.07,8748,0.399,3071,1.54
1147,500,0.4238,0.07,217,0.399,862,1.54
1148,500,0.0904,0.07,2882,0.399,9735,1.54
1149,500,0.1967,0.07,6355,0.399,3043,1.54
1150,500,0.1808,0.07,5623,0.399,1027,1.54
1151,500,0.4546,0.07,4594,0.399,5876,1.54
1152,500,0.2782,0.07,7902,0.399,1547,1.54
1153,500,0.1097,0.07,3350,0.399,5524,1.54
1154,500,0.4789,0.07,2192,0.399,9666,1.54
1155,500,0.4559,0.07,8882,0.399,9095,1.54
1156,500,0.0837,0.07,8540,0.399,6219,1.54
1157,500,0.4584,0.07,8487,0.399,5237,1.54
1158,500,0.4174,0.07,9333,0.399,7633,1.54
1159,500,0.0092,0.07,4804,0.399,1303,1.54
1160,500,0.3594,0.07,3976,0.399,4348,1.54
1161,500,0.31,0.07,3321,0.399,3111,1.54
1162,500,0.4671,0.07,3912,0.399,9250,1.54
1163,500,0.4479,0.07,66,0.399,139,1.54
1164,500,0.1803,0.07,9612,0.399,4606,1.54
1165,500,0.4461,0.07,5186,0.399,141,1.54
1166,500,0.1288,0.07,1656,0.399,9429,1.54
1167,500,0.0685,0.07,1219,0.399,7888,1.54
1168,500,0.0637,0.07,838,0.399,5266,1.54
1169,500,0.016,0.07,4465,0.399,7592,1.54
1170,500,0.0858,0.07,2385,0.399,6013,1.54
1171,500,0.1937,0.07,6531,0.399,5612,1.54
1172,500,0.4144,0.07,4336,0.399,455,1.54
1173,500,0.463,0.07,9623,0.399,9900,1.54
1174,500,0.385,0.07,2936,0.399,6792,1.54
1175,500,0.2824,0.07,3495,0.399,7984,1.54
1176,500,0.2113,0.07,2998,0.399,5804,1.54
1177,500,0.2608,0.07,1277,0.399,4328,1.54
1178,500,0.4655,0.07,1979,0.399,5750,1.54
1179,500,0.0913,0.07,9869,0.399,3480,1.54
1180,500,0.4359,0.07,4216,0.399,9030,1.54
1181,500,0.3376,0.07,2835,0.399,443,1.54
1182,500,0.4972,0.07,6442,0.399,5679,1.54
1183,500,0.1975,0.07,7121,0.399,8989,1.54
1184,500,0.3066,0.07,3007,0.399,9531,1.54
1185,500,0.4303,0.07,6009,0.399,9555,1.54
1186,500,0.0773,0.07,5172,0.399,1640,1.54
1187,500,0.2504,0.07,4825,0.399,1825,1.54
1188,500,0.153,0.07,1289,0.399,2537,1.54
1189,500,0.0268,0.07,339,0.399,604,1.54
1190,500,0.2581,0.07,8004,0.399,8245,1.54
1191,500,0.3099,0.07,3635,0.399,9172,1.54
1192,500,0.0548,0.07,9225,0.399,5913,1.54
1193,500,0.1486,0.07,355,0.399,4556,1.54
1194,500,0.0711,0.07,9341,0.399,8156,1.54
1195,500,0.2315,0.07,2077,0.399,9011,1.54
1196,500,0.3751,0.07,4350,0.399,1945,1.54
1197,500,0.0325,0.07,5069,0.399,5926,1.54
1198,500,0.3196,0.07,4811,0.399,6680,1.54
1199,500,0.319,0.07,5030,0.399,7332,1.54
1200,500,0.2849,0.07,8807,0.399,1613,1.54
1201,500,0.2985,0.07,6208,0.399,7144,1.54
1202,500,0.1566,0.07,5658,0.399,1499,1.54
1203,500,0.4274,0.07,9388,0.399,7012,1.54
1204,500,0.4986,0.07,2572,0.399,4182,1.54
1205,500,0.0143,0.07,7466,0.399,4748,1.54
1206,500,0.3119,0.07,1187,0.399,4676,1.54
1207,500,0.1649,0.07,416,0.399,681,1.54
1208,500,0.4963,0.07,8235,0.399,1397,1.54
1209,500,0.2015,0.07,9091,0.399,8750,1.54
1210,500,0.3282,0.07,6565,0.399,4273,1.54
1211,500,0.2885,0.07,5468,0.399,8740,1.54
1212,500,0.4768,0.07,7382,0.399,8621,1.54
1213,500,0.0299,0.07,3079,0.399,9089,1.54
1214,500,0.1536,0.07,2371,0.399,6291,1.54
1215,500,0.2037,0.07,6522,0.399,1684,1.54
1216,500,0.2915,0.07,5100,0.399,9186,1.54
1217,500,0.287,0.07,3552,0.399,40,1.54
1218,500,0.2712,0.07,928,0.399,3174,1.54
1219,500,0.2401,0.07,7363,0.399,1330,1.54
1220,500,0.1817,0.07,8906,0.399,4921,1.54
1221,500,0.0994,0.07,1303,0.399,1207,1.54
1222,500,0.2586,0.07,3601,0.399,9588,1.54
1223,500,0.3957,0.07,2275,0.399,6643,1.54
1224,500,0.2871,0.07,1999,0.399,3938,1.54
1225,500,0.0543,0.07,8433,0.399,6049,1.54
1226,500,0.2119,0.07,5473,0.399,1605,1.54
1227,500,0.2691,0.07,5573,0.399,5143,1.54
1228,500,0.1835,0.07,1479,0.399,6269,1.54
1229,500,0.3805,0.07,7590,0.399,8545,1.54
1230,500,0.2288,0.07,6427,0.399,9773,1.54
1231,500,0.1593,0.07,2060,0.399,3955,1.54
1232,500,0.2776,0.07,51,0.399,3274,1.54
1233,500,0.0307,0.07,6280,0.399,9231,1.54
1234,500,0.0917,0.07,9764,0.399,3857,1.54
1235,500,0.0221,0.07,5693,0.399,1000,1.54
1236,500,0.1267,0.07,7712,0.399,5432,1.54
1237,500,0.3336,0.07,4882,0.399,2033,1.54
1238,500,0.2373,0.07,9217,0.399,62,1.54
1239,500,0.1065,0.07,5139,0.399,7610,1.54
1240,500,0.4498,0.07,2463,0.399,8001,1.54
1241,500,0.2701,0.07,6626,0.399,5420,1.54
1242,500,0.3599,0.07,4483,0.399,6310,1.54
1243,500,0.2408,0.07,1244,0.399,2076,1.54
1244,500,0.2013,0.07,5867,0.399,9297,1.54
1245,500,0.2829,0.07,8579,0.399,8682,1.54
1246,500,0.2973,0.07,1738,0.399,9169,1.54
1247,500,0.2109,0.07,2702,0.399,1817,1.54
1248,500,0.4955,0.07,1671,0.399,7921,1.54
1249,500,0.4045,0.07,2114,0.399,8052,1.54
1250,500,0.3777,0.07,4839,0.399,9132,1.54
1251,500,0.2143,0.07,7747,0.399,7804,1.54
1252,500,0.4764,0.07,9995,0.399,2574,1.54
1253,500,0.0982,0.07,641,0.399,756,1.54
1254,500,0.142,0.07,4988,0.399,793,1.54
1255,500,0.4209,0.07,8791,0.399,9761,1.54
1256,500,0.0644,0.07,233,0.399,787,1.54
1257,500,0.4628,0.07,3925,0.399,8455,1.54
1258,500,0.3162,0.07,9701,0.399,7085,1.54
1259,500,0.1479,0.07,6966,0.399,9041,1.54
1260,500,0.4046,0.07,5775,0.399,2060,1.54
1261,500,0.4524,0.07,7112,0.399,8273,1.54
1262,500,0.2414,0.07,5563,0.399,995,1.54
1263,500,0.4222,0.07,6576,0.399,8396,1.54
1264,500,0.2349,0.07,7370,0.399,7601,1.54
1265,500,0.0503,0.07,7688,0.399,5243,1.54
1266,500,0.1054,0.07,9167,0.399,6067,1.54
1267,500,0.3833,0.07,8246,0.399,7161,1.54
1268,500,0.2628,0.07,1339,0.399,6058,1.54
1269,500,0.3518,0.07,2695,0.399,952,1.54
1270,500,0.4279,0.07,9191,0.399,7960,1.54
1271,500,0.2634,0.07,7980,0.399,7946,1.54
1272,500,0.4772,0.07,4476,0.399,5259,1.54
1273,500,0.0426,0.07,5377,0.399,4031,1.54
1274,500,0.3936,0.07,9608,0.399,6178,1.54
1275,500,0.2139,0.07,4226,0.399,7919,1.54
1276,500,0.1915,0.07,6012,0.399,628,1.54
1277,500,0.115,0.07,7044,0.399,3497,1.54
1278,500,0.0961,0.07,6774,0.399,8845,1.54
1279,500,0.4266,0.07,1807,0.399,1173,1.54
1280,500,0.449,0.07,7266,0.399,3877,1.54
1281,500,0.1892,0.07,4795,0.399,4302,1.54
1282,500,0.0867,0.07,4586,0.399,224,1.54
1283,500,0.4754,0.07,6335,0.399,5481,1.54
1284,500,0.2168,0.07,4243,0.399,6439,1.54
1285,500,0.097,0.07,6038,0.399,6845,1.54
1286,500,0.3865,0.07,8787,0.399,6402,1.54
1287,500,0.2376,0.07,9962,0.399,9432,1.54
1288,500,0.1603,0.07,385,0.399,1128,1.54
1289,500,0.1632,0.07,2555,0.399,5579,1.54
1290,500,0.0265,0.07,9470,0.399,8098,1.54
1291,500,0.3218,0.07,4841,0.399,9807,1.54
1292,500,0.3801,0.07,8107,0.399,6259,1.54
1293,500,0.1358,0.07,3874,0.399,3259,1.54
1294,500,0.2351,0.07,471,0.399,4999,1.54
1295,500,0.2705,0.07,1097,0.399,4196,1.54
1296,500,0.0596,0.07,4767,0.399,6912,1.54
1297,500,0.0226,0.07,1001,0.399,1785,1.54
1298,500,0.2573,0.07,3954,0.399,9476,1.54
1299,500,0.0034,0.07,6234,0.399,8493,1.54
1300,500,0.3949,0.07,2798,0.399,3023,1.54
1301,500,0.0106,0.07,2040,0.399,1932,1.54
1302,500,0.108,0.07,8633,0.399,816,1.54
1303,500,0.1981,0.07,2200,0.399,8440,1.54
1304,500,0.3737,0.07,6257,0.399,4799,1.54
1305,500,0.3259,0.07,5449,0.399,5815,1.54
1306,500,0.1971,0.07,8879,0.399,7996,1.54
1307,500,0.4519,0.07,2979,0.399,4536,1.54
1308,500,0.3288,0.07,1984,0.399,6118,1.54
1309,500,0.3023,0.07,4299,0.399,7522,1.54
1310,500,0.3386,0.07,4990,0.399,1014,1.54
1311,500,0.2479,0.07,6541,0.399,2203,1.54
1312,500,0.4074,0.07,3859,0.399,2425,1.54
1313,500,0.4532,0.07,9181,0.399,2733,1.54
1314,500,0.425,0.07,7177,0.399,3422,1.54
1315,500,0.2905,0.07,1872,0.399,969,1.54
1316,500,0.0366,0.07,8155,0.399,6474,1.54
1317,500,0.1391,0.07,3018,0.399,9963,1.54
1318,500,0.2916,0.07,544,0.399,1228,1.54
1319,500,0.1241,0.07,4866,0.399,876,1.54
1320,500,0.1467,0.07,467,0.399,246,1.54
1321,500,0.3894,0.07,131,0.399,4561,1.54
1322,500,0.4796,0.07,7320,0.399,694,1.54
1323,500,0.4589,0.07,4094,0.399,3189,1.54
1324,500,0.3566,0.07,6696,0.399,9827,1.54
1325,500,0.4756,0.07,4968,0.399,3982,1.54
1326,500,0.4596,0.07,9819,0.399,9723,1.54
1327,500,0.2562,0.07,2148,0.399,9220,1.54
1328,500,0.1547,0.07,3400,0.399,9066,1.54
1329,500,0.1823,0.07,37,0.399,5882,1.54
1330,500,0.355,0.07,5720,0.399,1631,1.54
1331,500,0.4406,0.07,7882,0.399,1802,1.54
1332,500,0.0933,0.07,3483,0.399,9672,1.54
1333,500,0.3149,0.07,562,0.399,5216,1.54
1334,500,0.0769,0.07,2683,0.399,1032,1.54
1335,500,0.4689,0.07,6638,0.399,6575,1.54
1336,500,0.3605,0.07,4148,0.399,4885,1.54
1337,500,0.4929,0.07,2869,0.399,4211,1.54
1338,500,0.2656,0.07,667,0.399,6901,1.54
1339,500,0.3507,0.07,9420,0.399,3246,1.54
1340,500,0.3934,0.07,5292,0.399,7232,1.54
1341,500,0.2796,0.07,6245,0.399,465,1.54
1342,500,0.3552,0.07,8584,0.399,2231,1.54
1343,500,0.0176,0.07,1428,0.399,8221,1.54
1344,500,0.1572,0.07,1356,0.399,7410,1.54
1345,500,0.0174,0.07,5158,0.399,5301,1.54
1346,500,0.3084,0.07,632,0.399,5166,1.54
1347,500,0.2555,0.07,9048,0.399,1962,1.54
1348,500,0.0748,0.07,9721,0.399,1139,1.54
1349,500,0.4435,0.07,3381,0.399,8565,1.54
1350,500,0.0364,0.07,9746,0.399,7323,1.54
1351,500,0.3907,0.07,8182,0.399,8291,1.54
1352,500,0.3153,0.07,720,0.399,8471,1.54
1353,500,0.2335,0.07,8164,0.399,2418,1.54
1354,500,0.277,0.07,8769,0.399,5745,1.54
1355,500,0.1063,0.07,1666,0.399,2324,1.54
1356,500,0.4994,0.07,6847,0.399,8881,1.54
1357,500,0.0872,0.07,7296,0.399,2055,1.54
1358,500,0.3412,0.07,9541,0.399,3695,1.54
1359,500,0.0569,0.07,9078,0.399,5717,1.54
1360,500,0.0823,0.07,4401,0.399,2380,1.54
1361,500,0.199,0.07,2394,0.399,5692,1.54
1362,500,0.1197,0.07,7061,0.399,7458,1.54
1363,500,0.0558,0.07,3331,0.399,6697,1.54
1364,500,0.2086,0.07,1348,0.399,4147,1.54
1365,500,0.0082,0.07,6290,0.399,87,1.54
1366,500,0.2121,0.07,8705,0.399,6968,1.54
1367,500,0.1653,0.07,7230,0.399,7908,1.54
1368,500,0.0126,0.07,6586,0.399,1098,1.54
1369,500,0.3695,0.07,7937,0.399,9697,1.54
1370,500,0.0071,0.07,9123,0.399,8510,1.54
1371,500,0.3878,0.07,9667,0.399,1707,1.54
1372,500,0.4613,0.07,8252,0.399,5123,1.54
1373,500,0.1377,0.07,973,0.399,188,1.54
1374,500,0.2233,0.07,9140,0.399,2336,1.54
1375,500,0.2543,0.07,9257,0.399,2266,1.54
1376,500,0.0846,0.07,8425,0.399,3817,1.54
1377,500,0.2421,0.07,3843,0.399,4614,1.54
1378,500,0.2329,0.07,6027,0.399,7620,1.54
1379,500,0.05,0.07,8176,0.399,1148,1.54
1380,500,0.3997,0.07,7053,0.399,1218,1.54
1381,500,0.2259,0.07,4447,0.399,2653,1.54
1382,500,0.1552,0.07,3039,0.399,5931,1.54
1383,500,0.009,0.07,5421,0.399,8357,1.54
1384,500,0.1615,0.07,9820,0.399,157,1.54
1385,500,0.492,0.07,1257,0.399,6564,1.54
1386,500,0.1621,0.07,182,0.399,8557,1.54
1387,500,0.4889,0.07,9397,0.399,2855,1.54
1388,500,0.27,0.07,9061,0.399,3063,1.54
1389,500,0.4942,0.07,1926,0.399,70,1.54
1390,500,0.0906,0.07,3762,0.399,4639,1.54
1391,500,0.4419,0.07,7136,0.399,8269,1.54
1392,500,0.1428,0.07,8648,0.399,3895,1.54
1393,500,0.4838,0.07,2620,0.399,713,1.54
1394,500,0.2355,0.07,4774,0.399,7122,1.54
1395,500,0.2263,0.07,6130,0.399,9484,1.54
1396,500,0.3158,0.07,8855,0.399,1999,1.54
1397,500,0.3328,0.07,8324,0.399,1849,1.54
1398,500,0.2922,0.07,8930,0.399,204,1.54
1399,500,0.3633,0.07,8539,0.399,4050,1.54
1400,500,0.0209,0.07,7991,0.399,6028,1.54
1401,500,0.418,0.07,4187,0.399,1583,1.54
1402,500,0.1077,0.07,3787,0.399,3283,1.54
1403,500,0.1556,0.07,1949,0.399,6085,1.54
1404,500,0.0789,0.07,7812,0.399,6885,1.54
1405,500,0.188,0.07,5592,0.399,7533,1.54
1406,500,0.3178,0.07,9104,0.399,7200,1.54
1407,500,0.4376,0.07,821,0.399,4766,1.54
1408,500,0.1877,0.07,607,0.399,4003,1.54
1409,500,0.2653,0.07,732,0.399,4779,1.54
1410,500,0.0291,0.07,6151,0.399,7859,1.54
1411,500,0.411,0.07,1033,0.399,1342,1.54
1412,500,0.114,0.07,5939,0.399,5448,1.54
1413,500,0.3578,0.07,1758,0.399,6152,1.54
1414,500,0.4572,0.07,6856,0.399,1950,1.54
1415,500,0.3852,0.07,7569,0.399,4725,1.54
1416,500,0.2223,0.07,108,0.399,7729,1.54
1417,500,0.3705,0.07,5616,0.399,1169,1.54
1418,500,0.2624,0.07,5286,0.399,3553,1.54
1419,500,0.2759,0.07,4851,0.399,4946,1.54
1420,500,0.3452,0.07,9463,0.399,6897,1.54
1421,500,0.4694,0.07,362,0.399,7879,1.54
1422,500,0.4822,0.07,9656,0.399,5592,1.54
1423,500,0.4907,0.07,2929,0.399,3669,1.54
1424,500,0.4814,0.07,3796,0.399,3054,1.54
1425,500,0.4642,0.07,3301,0.399,2250,1.54
1426,500,0.3041,0.07,4624,0.399,4375,1.54
1427,500,0.01,0.07,9035,0.399,4116,1.54
1428,500,0.4056,0.07,774,0.399,1291,1.54
1429,500,0.3767,0.07,5051,0.399,4073,1.54
1430,500,0.4982,0.07,7437,0.399,9862,1.54
1431,500,0.0024,0.07,1550,0.399,1323,1.54
1432,500,0.1544,0.07,3890,0.399,5855,1.54
1433,500,0.1897,0.07,2089,0.399,8908,1.54
1434,500,0.2441,0.07,9308,0.399,4095,1.54
1435,500,0.1,0.07,1597,0.399,4897,1.54
1436,500,0.3814,0.07,8084,0.399,4548,1.54
1437,500,0.4795,0.07,2760,0.399,3222,1.54
1438,500,0.3442,0.07,4172,0.399,1872,1.54
1439,500,0.0077,0.07,3155,0.399,6125,1.54
1440,500,0.3112,0.07,2734,0.399,2876,1.54
1441,500,0.3513,0.07,590,0.399,4829,1.54
1442,500,0.4065,0.07,5148,0.399,3358,1.54
1443,500,0.2474,0.07,4195,0.399,7643,1.54
1444,500,0.2876,0.07,8994,0.399,8218,1.54
1445,500,0.1145,0.07,4260,0.399,4841,1.54
1446,500,0.2093,0.07,5244,0.399,1892,1.54
1447,500,0.3049,0.07,9172,0.399,3501,1.54
1448,500,0.1194,0.07,6836,0.399,6801,1.54
1449,500,0.201,0.07,8295,0.399,4365,1.54
1450,500,0.4166,0.07,7343,0.399,4983,1.54
1451,500,0.1296,0.07,6641,0.399,5131,1.54
1452,500,0.1164,0.07,8775,0.399,3005,1.54
1453,500,0.1811,0.07,7698,0.399,6455,1.54
1454,500,0.4312,0.07,5191,0.399,7078,1.54
1455,500,0.015,0.07,9904,0.399,5973,1.54
1456,500,0.398,0.07,2533,0.399,8160,1.54
1457,500,0.3989,0.07,4153,0.399,4465,1.54
1458,500,0.4714,0.07,2506,0.399,7009,1.54
1459,500,0.4801,0.07,4657,0.399,7565,1.54
1460,500,0.1694,0.07,8448,0.399,579,1.54
1461,500,0.4779,0.07,2320,0.399,112,1.54
1462,500,0.4154,0.07,1197,0.399,8661,1.54
1463,500,0.0825,0.07,4048,0.399,6748,1.54
1464,500,0.3496,0.07,4744,0.399,8725,1.54
1465,500,0.0737,0.07,4971,0.399,9700,1.54
1466,500,0.4249,0.07,2448,0.399,8143,1.54
1467,500,0.4783,0.07,5494,0.399,593,1.54
1468,500,0.0278,0.07,781,0.399,2683,1.54
1469,500,0.4013,0.07,5437,0.399,9849,1.54
1470,500,0.0438,0.07,269,0.399,497,1.54
1471,500,0.3014,0.07,3397,0.399,632,1.54
1472,500,0.4229,0.07,1325,0.399,2242,1.54
1473,500,0.2273,0.07,4108,0.399,6771,1.54
1474,500,0.1991,0.07,1029,0.399,9521,1.54
1475,500,0.0359,0.07,5072,0.399,883,1.54
1476,500,0.2761,0.07,6483,0.399,127,1.54
1477,500,0.3226,0.07,1491,0.399,7768,1.54
1478,500,0.1444,0.07,4382,0.399,3033,1.54
1479,500,0.3645,0.07,1376,0.399,4680,1.54
1480,500,0.0038,0.07,8369,0.399,7187,1.54
1481,500,0.3207,0.07,9976,0.399,2390,1.54
1482,500,0.0392,0.07,1450,0.399,9915,1.54
1483,500,0.4827,0.07,6992,0.399,5681,1.54
1484,500,0.3571,0.07,4603,0.399,3398,1.54
1485,500,0.1019,0.07,4202,0.399,6826,1.54
1486,500,0.4367,0.07,3413,0.399,541,1.54
1487,500,0.0476,0.07,3311,0.399,6598,1.54
1488,500,0.172,0.07,6511,0.399,3518,1.54
1489,500,0.0406,0.07,7169,0.399,1912,1.54
1490,500,0.0608,0.07,8305,0.399,7360,1.54
1491,500,0.3053,0.07,572,0.399,8418,1.54
1492,500,0.422,0.07,495,0.399,1500,1.54
1493,500,0.1178,0.07,7946,0.399,3862,1.54
1494,500,0.266,0.07,2852,0.399,3152,1.54
1495,500,0.4809,0.07,6936,0.399,5157,1.54
1496,500,0.1447,0.07,2189,0.399,409,1.54
1497,500,0.2839,0.07,8372,0.399,1920,1.54
1498,500,0.3249,0.07,1749,0.399,3995,1.54
1499,500,0.0525,0.07,8202,0.399,2928,1.54
1500,500,0.2895,0.07,8812,0.399,1720,1.54
1501,500,0.0704,0.07,5210,0.399,5637,1.54
1502,500,0.413,0.07,6946,0.399,7823,1.54
1503,500,0.158,0.07,8732,0.399,7839,1.54
1504,500,0.2191,0.07,3584,0.399,6235,1.54
1505,500,0.185,0.07,5319,0.399,5075,1.54
1506,500,0.2293,0.07,2542,0.399,4493,1.54
1507,500,0.2302,0.07,9550,0.399,6391,1.54
1508,500,0.3818,0.07,485,0.399,6132,1.54
1509,500,0.2419,0.07,298,0.399,9786,1.54
1510,500,0.4968,0.07,9534,0.399,8764,1.54
1511,500,0.1238,0.07,3064,0.399,9687,1.54
1512,500,0.1116,0.07,1581,0.399,6813,1.54
1513,500,0.1085,0.07,1433,0.399,1115,1.54
1514,500,0.3648,0.07,3050,0.399,1065,1.54
1515,500,0.272,0.07,5681,0.399,6208,1.54
1516,500,0.2725,0.07,4930,0.399,6866,1.54
1517,500,0.41,0.07,1228,0.399,8404,1.54
1518,500,0.2083,0.07,2283,0.399,614,1.54
1519,500,0.2864,0.07,6735,0.399,8100,1.54
1520,500,0.4423,0.07,8040,0.399,2623,1.54
1521,500,0.2052,0.07,2127,0.399,7316,1.54
1522,500,0.0135,0.07,6328,0.399,7055,1.54
1523,500,0.3924,0.07,8719,0.399,4044,1.54
1524,500,0.3137,0.07,8976,0.399,5085,1.54
1525,500,0.4615,0.07,7451,0.399,1281,1.54
1526,500,0.1382,0.07,4647,0.399,1312,1.54
1527,500,0.4198,0.07,2349,0.399,2636,1.54
1528,500,0.4872,0.07,1511,0.399,4756,1.54
1529,500,0.1491,0.07,5026,0.399,3142,1.54
1530,500,0.104,0.07,9379,0.399,5016,1.54
1531,500,0.0757,0.07,849,0.399,5273,1.54
1532,500,0.4748,0.07,4114,0.399,3545,1.54
1533,500,0.0603,0.07,155,0.399,6340,1.54
1534,500,0.4538,0.07,5396,0.399,4644,1.54
1535,500,0.4623,0.07,9805,0.399,9311,1.54
1536,500,0.4885,0.07,1571,0.399,4711,1.54
1537,500,0.4738,0.07,1204,0.399,6604,1.54
1538,500,0.2813,0.07,7623,0.399,8832,1.54
1539,500,0.2321,0.07,7840,0.399,2940,1.54
1540,500,0.2177,0.07,9110,0.399,3623,1.54
1541,500,0.4322,0.07,8118,0.399,9636,1.54
1542,500,0.1846,0.07,2612,0.399,24,1.54
1543,500,0.1158,0.07,6594,0.399,1374,1.54
1544,500,0.2953,0.07,2529,0.399,6422,1.54
1545,500,0.2635,0.07,7073,0.399,7378,1.54
1546,500,0.1789,0.07,6380,0.399,6670,1.54
1547,500,0.152,0.07,7805,0.399,6940,1.54
1548,500,0.1702,0.07,9517,0.399,2827,1.54
1549,500,0.4067,0.07,6750,0.399,3905,1.54
1550,500,0.4234,0.07,2982,0.399,7066,1.54
1551,500,0.3349,0.07,7775,0.399,2979,1.54
1552,500,0.4854,0.07,9841,0.399,6614,1.54
1553,500,0.1782,0.07,3562,0.399,3700,1.54
1554,500,0.1588,0.07,8590,0.399,1987,1.54
1555,500,0.0588,0.07,8316,0.399,6633,1.54
1556,500,0.1002,0.07,9959,0.399,7431,1.54
1557,500,0.4952,0.07,2637,0.399,2299,1.54
1558,500,0.2469,0.07,3271,0.399,8922,1.54
1559,500,0.4893,0.07,7543,0.399,2494,1.54
1560,500,0.4696,0.07,8828,0.399,4387,1.54
1561,500,0.0809,0.07,935,0.399,5069,1.54
1562,500,0.2617,0.07,7635,0.399,9467,1.54
1563,500,0.2023,0.07,1115,0.399,9560,1.54
1564,500,0.2395,0.07,1706,0.399,8036,1.54
1565,500,0.1145,0.07,3217,0.399,3883,1.54
1566,500,0.1507,0.07,8059,0.399,9284,1.54
1567,500,0.034,0.07,2428,0.399,4310,1.54
1568,500,0.0468,0.07,7409,0.399,3083,1.54
1569,500,0.0799,0.07,2022,0.399,3169,1.54
1570,500,0.2741,0.07,8524,0.399,8979,1.54
1571,500,0.3944,0.07,7015,0.399,4656,1.54
1572,500,0.3951,0.07,2036,0.399,6935,1.54
1573,500,0.3089,0.07,5602,0.399,7507,1.54
1574,500,0.2332,0.07,129,0.399,4514,1.54
1575,500,0.4676,0.07,9453,0.399,5495,1.54
1576,500,0.3918,0.07,7730,0.399,7654,1.54
1577,500,0.0553,0.07,5943,0.399,3825,1.54
1578,500,0.43,0.07,505,0.399,3834,1.54
1579,500,0.4108,0.07,2226,0.399,5603,1.54
1580,500,0.4023,0.07,8985,0.399,506,1.54
1581,500,0.3622,0.07,3947,0.399,5203,1.54
1582,500,0.3504,0.07,5900,0.399,8820,1.54
1583,500,0.4212,0.07,4675,0.399,2019,1.54
1584,500,0.0505,0.07,2355,0.399,7427,1.54
1585,500,0.0194,0.07,7826,0.399,6074,1.54
1586,500,0.3269,0.07,9985,0.399,7740,1.54
1587,500,0.0516,0.07,1641,0.399,2441,1.54
1588,500,0.1934,0.07,2744,0.399,4872,1.54
1589,500,0.0377,0.07,2253,0.399,1976,1.54
1590,500,0.1614,0.07,1538,0.399,6513,1.54
1591,500,0.471,0.07,6227,0.399,5365,1.54
1592,500,0.4286,0.07,7892,0.399,1231,1.54
1593,500,0.3973,0.07,6908,0.399,5995,1.54
1594,500,0.1866,0.07,7008,0.399,703,1.54
1595,500,0.3662,0.07,9931,0.399,8784,1.54
1596,500,0.3678,0.07,6472,0.399,7474,1.54
1597,500,0.1758,0.07,4566,0.399,4062,1.54
1598,500,0.2149,0.07,3832,0.399,8948,1.54
1599,500,0.2739,0.07,3362,0.399,9934,1.54
1600,500,0.2152,0.07,6988,0.399,8860,1.54
1601,500,0.0248,0.07,2567,0.399,3634,1.54
1602,500,0.1093,0.07,2131,0.399,6954,1.54
1603,500,0.2858,0.07,3085,0.399,2191,1.54
1604,500,0.1223,0.07,8079,0.399,2355,1.54
1605,500,0.173,0.07,8651,0.399,5535,1.54
1606,500,0.4162,0.07,2651,0.399,8289,1.54
1607,500,0.0719,0.07,5798,0.399,6995,1.54
1608,500,0.3073,0.07,8750,0.399,1078,1.54
1609,500,0.2536,0.07,7521,0.399,926,1.54
1610,500,0.1767,0.07,3342,0.399,327,1.54
1611,500,0.3322,0.07,5231,0.399,9333,1.54
1612,500,0.3565,0.07,9208,0.399,6623,1.54
1613,500,0.0534,0.07,6317,0.399,6504,1.54
1614,500,0.4594,0.07,3741,0.399,9329,1.54
1615,500,0.2853,0.07,4700,0.399,5628,1.54
1616,500,0.3659,0.07,2751,0.399,4804,1.54
1617,500,0.2369,0.07,954,0.399,9981,1.54
1618,500,0.3353,0.07,7417,0.399,417,1.54
1619,500,0.4156,0.07,534,0.399,764,1.54
1620,500,0.3824,0.07,6390,0.399,9249,1.54
1621,500,0.2426,0.07,9410,0.399,8952,1.54
1622,500,0.012,0.07,1234,0.399,8113,1.54
1623,500,0.4658,0.07,5649,0.399,3438,1.54
1624,500,0.1872,0.07,5552,0.399,3231,1.54
1625,500,0.4877,0.07,3777,0.399,174,1.54
1626,500,0.3203,0.07,1043,0.399,8199,1.54
1627,500,0.4343,0.07,670,0.399,10,1.54
1628,500,0.1048,0.07,8501,0.399,5388,1.54
1629,500,0.3272,0.07,4680,0.399,9942,1.54
1630,500,0.267,0.07,7033,0.399,5831,1.54
1631,500,0.4402,0.07,4757,0.399,6031,1.54
1632,500,0.1518,0.07,2362,0.399,9898,1.54
1633,500,0.0389,0.07,284,0.399,4597,1.54
1634,500,0.2932,0.07,7960,0.399,6539,1.54
1635,500,0.1774,0.07,5896,0.399,9151,1.54
1636,500,0.3344,0.07,756,0.399,9715,1.54
1637,500,0.4325,0.07,8927,0.399,4235,1.54
1638,500,0.0668,0.07,407,0.399,8332,1.54
1639,500,0.4817,0.07,2950,0.399,4129,1.54
1640,500,0.1024,0.07,7422,0.399,3683,1.54
1641,500,0.4485,0.07,9084,0.399,5864,1.54
1642,500,0.3427,0.07,5882,0.399,1570,1.54
1643,500,0.0658,0.07,4287,0.399,4152,1.54
1644,500,0.2566,0.07,4062,0.399,3523,1.54
1645,500,0.1609,0.07,3543,0.399,8936,1.54
1646,500,0.1666,0.07,5002,0.399,2709,1.54
1647,500,0.4833,0.07,6047,0.399,5399,1.54
1648,500,0.1227,0.07,4892,0.399,1103,1.54
1649,500,0.2524,0.07,4166,0.399,9642,1.54
1650,500,0.3392,0.07,9852,0.399,3299,1.54
1651,500,0.1919,0.07,5668,0.399,8484,1.54
1652,500,0.1529,0.07,1540,0.399,6093,1.54
1653,500,0.299,0.07,6764,0.399,848,1.54
1654,500,0.2976,0.07,5714,0.399,4860,1.54
1655,500,0.3721,0.07,3533,0.399,4201,1.54
1656,500,0.0169,0.07,43,0.399,9354,1.54
1657,500,0.3582,0.07,7754,0.399,9382,1.54
1658,500,0.2792,0.07,6083,0.399,8672,1.54
1659,500,0.2818,0.07,5483,0.399,6873,1.54
1660,500,0.3233,0.07,2316,0.399,522,1.54
1661,500,0.326,0.07,2727,0.399,5700,1.54
1662,500,0.0782,0.07,6652,0.399,4223,1.54
1663,500,0.0619,0.07,9015,0.399,7693,1.54
1664,500,0.2217,0.07,311,0.399,2608,1.54
1665,500,0.2579,0.07,7571,0.399,6469,1.54
1666,500,0.1753,0.07,1893,0.399,9501,1.54
1667,500,0.4186,0.07,5967,0.399,9210,1.54
1668,500,0.2673,0.07,9897,0.399,5050,1.54
1669,500,0.3314,0.07,7182,0.399,3963,1.54
1670,500,0.4353,0.07,7584,0.399,6975,1.54
1671,500,0.0355,0.07,2173,0.399,7664,1.54
1672,500,0.3911,0.07,7667,0.399,6987,1.54
1673,500,0.1345,0.07,9051,0.399,8174,1.54
1674,500,0.3381,0.07,1264,0.399,2125,1.54
1675,500,0.445,0.07,9241,0.399,8732,1.54
1676,500,0.0707,0.07,5636,0.399,7443,1.54
1677,500,0.3845,0.07,2770,0.399,300,1.54
1678,500,0.1706,0.07,2431,0.399,2024,1.54
1679,500,0.1057,0.07,6349,0.399,1714,1.54
1680,500,0.2278,0.07,1446,0.399,1046,1.54
1681,500,0.4204,0.07,5812,0.399,5179,1.54
1682,500,0.1169,0.07,3225,0.399,6446,1.54
1683,500,0.0682,0.07,78,0.399,3342,1.54
1684,500,0.2929,0.07,3670,0.399,4138,1.54
1685,500,0.0135,0.07,762,0.399,5115,1.54
1686,500,0.3003,0.07,2231,0.399,3846,1.54
1687,500,0.1322,0.07,3986,0.399,6781,1.54
1688,500,0.3445,0.07,425,0.399,1623,1.54
1689,500,0.3434,0.07,3179,0.399,1659,1.54
1690,500,0.0882,0.07,985,0.399,747,1.54
1691,500,0.4135,0.07,6115,0.399,1489,1.54
1692,500,0.1451,0.07,6876,0.399,7518,1.54
1693,500,0.1903,0.07,1507,0.399,6339,1.54
1694,500,0.2483,0.07,9682,0.399,9515,1.54
1695,500,0.4734,0.07,8559,0.399,772,1.54
1696,500,0.3473,0.07,9442,0.399,5736,1.54
1697,500,0.0116,0.07,6189,0.399,252,1.54
1698,500,0.1513,0.07,7519,0.399,1838,1.54
1699,500,0.0624,0.07,4433,0.399,351,1.54
1700,500,0.1126,0.07,8269,0.399,9458,1.54
1701,500,0.4608,0.07,390,0.399,4957,1.54
1702,500,0.3788,0.07,4738,0.399,2378,1.54
1703,500,0.0474,0.07,3464,0.399,3100,1.54
1704,500,0.2057,0.07,7144,0.399,7894,1.54
1705,500,0.1826,0.07,5344,0.399,5197,1.54
1706,500,0.2722,0.07,2814,0.399,299,1.54
1707,500,0.3733,0.07,6688,0.399,6321,1.54
1708,500,0.0482,0.07,8332,0.399,2669,1.54
1709,500,2e-04,0.07,1058,0.399,942,1.54
1710,500,0.2936,0.07,7760,0.399,9200,1.54
1711,500,0.3526,0.07,1484,0.399,7703,1.54
1712,500,0.1775,0.07,5807,0.399,489,1.54
1713,500,0.3212,0.07,9274,0.399,9570,1.54
1714,500,0.0044,0.07,6724,0.399,1561,1.54
1715,500,0.4294,0.07,1316,0.399,4915,1.54
1716,500,0.443,0.07,8681,0.399,9051,1.54
1717,500,0.1686,0.07,4781,0.399,2096,1.54
1718,500,0.0283,0.07,2095,0.399,2367,1.54
1719,500,0.3018,0.07,173,0.399,5221,1.54
1720,500,0.0271,0.07,2913,0.399,2279,1.54
1721,500,0.2384,0.07,703,0.399,8613,1.54
1722,500,0.4,0.07,5258,0.399,3196,1.54
1723,500,0.1173,0.07,6509,0.399,5454,1.54
1724,500,0.0063,0.07,5993,0.399,7776,1.54
1725,500,0.4414,0.07,6069,0.399,6489,1.54
1726,500,0.1663,0.07,5047,0.399,9397,1.54
1727,500,0.3963,0.07,1169,0.399,8644,1.54
1728,500,0.2553,0.07,4531,0.399,1461,1.54
1729,500,0.2072,0.07,1606,0.399,4299,1.54
1730,500,0.0801,0.07,7096,0.399,2312,1.54
1731,500,0.2843,0.07,8287,0.399,6554,1.54
1732,500,0.4568,0.07,6306,0.399,7358,1.54
1733,500,0.4937,0.07,7797,0.399,9616,1.54
1734,500,0.3757,0.07,3937,0.399,3644,1.54
1735,500,0.3655,0.07,7334,0.399,9192,1.54
1736,500,0.2162,0.07,5580,0.399,2114,1.54
1737,500,0.3745,0.07,198,0.399,3260,1.54
1738,500,0.2547,0.07,4556,0.399,1519,1.54
1739,500,0.4119,0.07,1863,0.399,1790,1.54
1740,500,0.1372,0.07,8214,0.399,8919,1.54
1741,500,0.0863,0.07,2480,0.399,2889,1.54
1742,500,0.225,0.07,6677,0.399,5798,1.54
1743,500,0.3682,0.07,811,0.399,6667,1.54
1744,500,0.0487,0.07,9596,0.399,2565,1.54
1745,500,0.0879,0.07,440,0.399,6372,1.54
1746,500,0.1747,0.07,2718,0.399,1881,1.54
1747,500,0.0951,0.07,1689,0.399,2540,1.54
1748,500,0.0564,0.07,8343,0.399,3411,1.54
1749,500,0.4079,0.07,4016,0.399,5843,1.54
1750,500,0.0319,0.07,271,0.399,5291,1.54
1751,500,0.2486,0.07,7728,0.399,9655,1.54
1752,500,0.3485,0.07,8063,0.399,162,1.54
1753,500,0.001,0.07,1079,0.399,6418,1.54
1754,500,0.2602,0.07,8958,0.399,2457,1.54
1755,500,0.4504,0.07,309,0.399,9106,1.54
1756,500,0.2746,0.07,7704,0.399,3757,1.54
1757,500,0.1028,0.07,5261,0.399,9546,1.54
1758,500,0.2507,0.07,4661,0.399,8630,1.54
1759,500,0.4848,0.07,6615,0.399,3402,1.54
1760,500,0.4577,0.07,524,0.399,3443,1.54
1761,500,0.2078,0.07,6412,0.399,7849,1.54
1762,500,0.0216,0.07,9484,0.399,9111,1.54
1763,500,0.486,0.07,8454,0.399,2470,1.54
1764,500,0.2494,0.07,1847,0.399,5341,1.54
1765,500,0.0648,0.07,1956,0.399,5027,1.54
1766,500,0.2891,0.07,1763,0.399,4243,1.54
1767,500,0.2389,0.07,2308,0.399,8125,1.54
1768,500,0.2364,0.07,1811,0.399,1083,1.54
1769,500,0.2967,0.07,7101,0.399,4587,1.54
1770,500,0.2906,0.07,4319,0.399,679,1.54
1771,500,0.3784,0.07,452,0.399,1554,1.54
1772,500,0.2454,0.07,6864,0.399,5549,1.54
1773,500,0.354,0.07,5500,0.399,4479,1.54
1774,500,0.3,0.07,624,0.399,9275,1.54
1775,500,0.3494,0.07,9524,0.399,8653,1.54
1776,500,0.02,0.07,1408,0.399,1735,1.54
1777,500,0.1923,0.07,5763,0.399,277,1.54
1778,500,0.1216,0.07,246,0.399,1454,1.54
1779,500,0.1857,0.07,6664,0.399,7159,1.54
1780,500,0.0778,0.07,2016,0.399,8806,1.54
1781,500,0.2595,0.07,8831,0.399,6657,1.54
1782,500,0.1797,0.07,1013,0.399,2550,1.54
1783,500,0.3902,0.07,5305,0.399,2527,1.54
1784,500,0.1955,0.07,321,0.399,476,1.54
1785,500,0.4383,0.07,5845,0.399,5779,1.54
1786,500,0.1246,0.07,3117,0.399,8019,1.54
1787,500,0.1407,0.07,7485,0.399,3591,1.54
1788,500,0.0304,0.07,6950,0.399,4525,1.54
1789,500,0.184,0.07,6369,0.399,6710,1.54
1790,500,0.015,0.07,142,0.399,2753,1.54
1791,500,0.1336,0.07,3136,0.399,2345,1.54
1792,500,0.0572,0.07,4574,0.399,532,1.54
1793,500,0.1734,0.07,3651,0.399,7864,1.54
1794,500,0.0891,0.07,2458,0.399,3306,1.54
1795,500,0.0763,0.07,6808,0.399,3798,1.54
1796,500,0.4053,0.07,8196,0.399,9369,1.54
1797,500,0.1437,0.07,2961,0.399,9752,1.54
1798,500,0.4742,0.07,7023,0.399,3139,1.54
1799,500,0.2044,0.07,3371,0.399,562,1.54
1800,500,0.0989,0.07,6609,0.399,8464,1.54
1801,500,0.0627,0.07,7605,0.399,4103,1.54
1802,500,0.1474,0.07,9407,0.399,1271,1.54
1803,500,0.1961,0.07,6379,0.399,5953,1.54
1804,500,0.044,0.07,8129,0.399,4696,1.54
1805,500,0.4912,0.07,1158,0.399,8589,1.54
1806,500,0.3331,0.07,2587,0.399,2914,1.54
1807,500,0.2203,0.07,4127,0.399,6587,1.54
1808,500,0.0698,0.07,2264,0.399,6301,1.54
1809,500,0.0456,0.07,4058,0.399,5765,1.54
1810,500,0.432,0.07,5528,0.399,2152,1.54
1811,500,0.2205,0.07,2945,0.399,556,1.54
1812,500,0.2649,0.07,7490,0.399,7957,1.54
1813,500,0.1907,0.07,5832,0.399,897,1.54
1814,500,0.1312,0.07,6910,0.399,5320,1.54
1815,500,0.0928,0.07,5749,0.399,7385,1.54
1816,500,0.3839,0.07,6409,0.399,210,1.54
1817,500,0.0662,0.07,4635,0.399,7555,1.54
1818,500,0.2344,0.07,7647,0.399,3613,1.54
1819,500,0.4375,0.07,5542,0.399,6730,1.54
1820,500,0.0816,0.07,9239,0.399,5001,1.54
1821,500,0.1483,0.07,4692,0.399,4700,1.54
1822,500,0.2459,0.07,2165,0.399,1671,1.54
1823,500,0.3864,0.07,6269,0.399,803,1.54
1824,500,0.3028,0.07,1392,0.399,8893,1.54
1825,500,0.4719,0.07,3441,0.399,3122,1.54
1826,500,0.2266,0.07,3734,0.399,4481,1.54
1827,500,0.2678,0.07,5327,0.399,2466,1.54
1828,500,0.3253,0.07,4429,0.399,1256,1.54
1829,500,0.3896,0.07,913,0.399,5967,1.54
1830,500,0.0431,0.07,2828,0.399,3940,1.54
1831,500,0.1306,0.07,9024,0.399,4029,1.54
1832,500,0.0755,0.07,2333,0.399,975,1.54
1833,500,0.0257,0.07,8467,0.399,2745,1.54
1834,500,0.0898,0.07,6553,0.399,8606,1.54
1835,500,0.3422,0.07,8671,0.399,8715,1.54
1836,500,0.1459,0.07,4300,0.399,7254,1.54
1837,500,0.0844,0.07,5701,0.399,1242,1.54
1838,500,0.2883,0.07,1859,0.399,5474,1.54
1839,500,0.1719,0.07,432,0.399,2301,1.54
1840,500,0.3291,0.07,15,0.399,6183,1.54
1841,500,0.2105,0.07,9570,0.399,4424,1.54
1842,500,0.2513,0.07,9315,0.399,364,1.54
1843,500,0.4544,0.07,6099,0.399,8024,1.54
1844,500,0.2126,0.07,8497,0.399,655,1.54
1845,500,0.4432,0.07,5089,0.399,3745,1.54
1846,500,0.1275,0.07,1887,0.399,8813,1.54
1847,500,0.3222,0.07,5824,0.399,285,1.54
1848,500,0.0793,0.07,4070,0.399,8577,1.54
1849,500,0.4649,0.07,5017,0.399,8131,1.54
1850,500,0.4514,0.07,1966,0.399,7580,1.54
1851,500,0.1657,0.07,258,0.399,5334,1.54
1852,500,0.0814,0.07,4030,0.399,5646,1.54
1853,500,0.3417,0.07,7443,0.399,7972,1.54
1854,500,0.1959,0.07,6104,0.399,4393,1.54
1855,500,0.3542,0.07,1914,0.399,5586,1.54
1856,500,0.2034,0.07,8090,0.399,4442,1.54
1857,500,0.304,0.07,2846,0.399,7246,1.54
1858,500,0.3928,0.07,9508,0.399,3321,1.54
1859,500,0.1399,0.07,8139,0.399,1474,1.54
1860,500,0.3667,0.07,9291,0.399,1522,1.54
1861,500,0.2528,0.07,5785,0.399,2690,1.54
1862,500,0.3858,0.07,2592,0.399,3206,1.54
1863,500,0.1927,0.07,3966,0.399,5093,1.54
1864,500,0.2319,0.07,6079,0.399,2983,1.54
1865,500,0.4193,0.07,9919,0.399,4818,1.54
1866,500,0.4975,0.07,1794,0.399,738,1.54
1867,500,0.3976,0.07,2498,0.399,9145,1.54
1868,500,0.0537,0.07,1697,0.399,2958,1.54
1869,500,0.244,0.07,6163,0.399,8523,1.54
1870,500,0.3106,0.07,3626,0.399,6248,1.54
1871,500,0.3476,0.07,4714,0.399,4332,1.54
1872,500,0.0182,0.07,6121,0.399,5189,1.54
1873,500,0.1596,0.07,8662,0.399,9741,1.54
1874,500,0.0403,0.07,5386,0.399,3332,1.54
1875,500,0.183,0.07,1067,0.399,9075,1.54
1876,500,0.2496,0.07,3753,0.399,8203,1.54
1877,500,0.275,0.07,6438,0.399,1419,1.54
1878,500,0.0678,0.07,3594,0.399,4088,1.54
1879,500,9e-04,0.07,1294,0.399,2007,1.54
1880,500,0.2186,0.07,8913,0.399,1856,1.54
1881,500,0.4669,0.07,6795,0.399,9876,1.54
1882,500,0.127,0.07,8226,0.399,7489,1.54
1883,500,0.3763,0.07,747,0.399,7672,1.54
1884,500,0.1697,0.07,7612,0.399,1266,1.54
1885,500,0.1578,0.07,4397,0.399,5896,1.54
1886,500,0.3065,0.07,4874,0.399,5464,1.54
1887,500,0.3438,0.07,9734,0.399,9923,1.54
1888,500,0.3031,0.07,4493,0.399,8042,1.54
1889,500,0.4552,0.07,1930,0.399,4905,1.54
1890,500,0.4121,0.07,3712,0.399,9593,1.54
1891,500,0.0956,0.07,1146,0.399,3382,1.54
1892,500,0.0016,0.07,4361,0.399,55,1.54
1893,500,0.4443,0.07,8512,0.399,3767,1.54
1894,500,0.4243,0.07,3513,0.399,8080,1.54
1895,500,0.2765,0.07,116,0.399,7466,1.54
1896,500,0.4281,0.07,1523,0.399,1902,1.54
1897,500,0.1009,0.07,3692,0.399,8426,1.54
1898,500,0.1124,0.07,8897,0.399,3534,1.54
1899,500,0.2614,0.07,8690,0.399,3582,1.54
1900,500,0.245,0.07,3143,0.399,7347,1.54
1901,500,0.0528,0.07,9584,0.399,32,1.54
1902,500,0.2229,0.07,3706,0.399,7288,1.54
1903,500,0.4702,0.07,2900,0.399,6107,1.54
1904,500,0.0188,0.07,9754,0.399,4170,1.54
1905,500,0.1943,0.07,3525,0.399,5352,1.54
1906,500,0.0577,0.07,5957,0.399,2506,1.54
1907,500,0.1132,0.07,5850,0.399,382,1.54
1908,500,0.312,0.07,9497,0.399,7269,1.54
1909,500,0.1214,0.07,4908,0.399,7299,1.54
1910,500,0.3586,0.07,1388,0.399,8963,1.54
1911,500,0.4264,0.07,1085,0.399,7170,1.54
1912,500,0.3457,0.07,5878,0.399,9348,1.54
1913,500,0.1714,0.07,6717,0.399,9000,1.54
1914,500,0.4895,0.07,5919,0.399,6273,1.54
1915,500,0.4728,0.07,2402,0.399,6726,1.54
1916,500,0.269,0.07,3880,0.399,7035,1.54
1917,500,0.1317,0.07,9926,0.399,5109,1.54
1918,500,0.3698,0.07,2665,0.399,2101,1.54
1919,500,0.4855,0.07,8563,0.399,4161,1.54
1920,500,0.1188,0.07,7535,0.399,8232,1.54
1921,500,0.4347,0.07,7959,0.399,5047,1.54
1922,500,0.0744,0.07,4453,0.399,8068,1.54
1923,500,0.0888,0.07,7971,0.399,8594,1.54
1924,500,0.3828,0.07,3452,0.399,2175,1.54
1925,500,0.33,0.07,6217,0.399,3677,1.54
1926,500,0.2308,0.07,9287,0.399,8388,1.54
1927,500,0.1863,0.07,8415,0.399,6850,1.54
1928,500,0.0212,0.07,3576,0.399,729,1.54
1929,500,0.0454,0.07,9438,0.399,2967,1.54
1930,500,0.2645,0.07,5739,0.399,5902,1.54
1931,500,0.4867,0.07,885,0.399,8364,1.54
1932,500,0.4562,0.07,9830,0.399,2674,1.54
1933,500,0.2518,0.07,4371,0.399,8076,1.54
1934,500,0.4088,0.07,3801,0.399,9974,1.54
1935,500,0.123,0.07,2805,0.399,1538,1.54
1936,500,0.2285,0.07,99,0.399,3970,1.54
1937,500,0.0939,0.07,6970,0.399,8699,1.54
1938,500,0.356,0.07,4918,0.399,6832,1.54
1939,500,0.1201,0.07,4341,0.399,2593,1.54
1940,500,0.3373,0.07,1907,0.399,1768,1.54
1941,500,0.1073,0.07,9874,0.399,4857,1.54
1942,500,0.3749,0.07,9152,0.399,2902,1.54
1943,500,0.4915,0.07,3199,0.399,2488,1.54
1944,500,0.3717,0.07,7305,0.399,8327,1.54
1945,500,0.1738,0.07,2050,0.399,2583,1.54
1946,500,0.0631,0.07,2871,0.399,2144,1.54
1947,500,0.3236,0.07,7479,0.399,8872,1.54
1948,500,0.2832,0.07,3613,0.399,3368,1.54
1949,500,0.0673,0.07,4610,0.399,2815,1.54
1950,500,0.1209,0.07,2642,0.399,5654,1.54
1951,500,0.0347,0.07,6785,0.399,6360,1.54
1952,500,0.4009,0.07,5678,0.399,1861,1.54
1953,500,0.033,0.07,5416,0.399,430,1.54
1954,500,0.13,0.07,6190,0.399,1661,1.54
1955,500,0.0095,0.07,2151,0.399,2086,1.54
1956,500,0.3673,0.07,5160,0.399,7498,1.54
1957,500,0.3093,0.07,7391,0.399,3374,1.54
1958,500,0.4256,0.07,9563,0.399,6166,1.54
1959,500,0.1562,0.07,9642,0.399,1435,1.54
1960,500,0.3712,0.07,5405,0.399,5828,1.54
1961,500,0.3279,0.07,3269,0.399,2135,1.54
1962,500,0.3134,0.07,3188,0.399,645,1.54
1963,500,0.0727,0.07,9260,0.399,9302,1.54
1964,500,0.1257,0.07,4940,0.399,4019,1.54
1965,500,0.1682,0.07,865,0.399,2869,1.54
1966,500,0.0384,0.07,513,0.399,4,1.54
1967,500,0.1626,0.07,3437,0.399,6281,1.54
1968,500,0.2245,0.07,2518,0.399,5411,1.54
1969,500,0.025,0.07,4513,0.399,7090,1.54
1970,500,0.0112,0.07,4023,0.399,9261,1.54
1971,500,0.2249,0.07,611,0.399,398,1.54
1972,500,0.3316,0.07,1711,0.399,9605,1.54
1973,500,0.0855,0.07,695,0.399,9027,1.54
1974,500,0.0925,0.07,4135,0.399,3561,1.54
1975,500,0.3127,0.07,906,0.399,6354,1.54
1976,500,0.4392,0.07,5538,0.399,4622,1.54
1977,500,0.2988,0.07,4541,0.399,8533,1.54
1978,500,0.0512,0.07,689,0.399,4352,1.54
1979,500,0.1886,0.07,5986,0.399,2043,1.54
1980,500,0.0323,0.07,1105,0.399,8434,1.54
1981,500,0.2132,0.07,806,0.399,231,1.54
1982,500,0.3369,0.07,8473,0.399,7391,1.54
1983,500,0.3404,0.07,9692,0.399,4501,1.54
1984,500,0.0583,0.07,6897,0.399,9492,1.54
1985,500,0.0973,0.07,3645,0.399,199,1.54
1986,500,0.3145,0.07,7154,0.399,3712,1.54
1987,500,0.1181,0.07,4001,0.399,7271,1.54
1988,500,0.031,0.07,3049,0.399,92,1.54
1989,500,0.4361,0.07,7081,0.399,5666,1.54
1990,500,0.3872,0.07,5115,0.399,2772,1.54
1991,500,0.3794,0.07,1837,0.399,3318,1.54
1992,500,0.3181,0.07,7253,0.399,5319,1.54
1993,500,0.0049,0.07,6460,0.399,1408,1.54
1994,500,0.0734,0.07,5095,0.399,8850,1.54
1995,500,0.0831,0.07,1619,0.399,3451,1.54
1996,500,0.1761,0.07,5360,0.399,9952,1.54
1997,500,0.1369,0.07,7913,0.399,9887,1.54
1998,500,0.1343,0.07,4927,0.399,8345,1.54
1999,500,0.2462,0.07,80,0.399,1158,1.54
