"SIMNO","NSIMS","PSP","PHA","PRD"
1001,500,0.664566433956353,0.0215703992485665,710.694581701184
1002,500,0.812239573793197,0.0805019195390716,524.52541505766
1003,500,0.896943919489849,0.173253746272964,860.062961626895
1004,500,0.670813177814186,0.0384537266824767,810.217158051372
1005,500,0.726375641358364,0.000610097127182409,643.81990345927
1006,500,0.687946630491326,0.169645567418145,638.311747637717
1007,500,0.700365175481988,0.173663926480936,304.439579501566
1008,500,0.864474646278117,0.148815304864705,249.401549262818
1009,500,0.810567799257338,0.133420981479635,341.927365099658
1010,500,0.981060760920309,0.119097729973258,402.341362631469
1011,500,0.963965605913289,0.0203846090455726,784.163506112146
1012,500,0.880556774007012,0.0193737621772215,588.269254370101
1013,500,0.929671706872,0.149576338199956,543.471492988705
1014,500,0.761960151462099,0.0977942870741319,465.126373357064
1015,500,0.86137611096384,0.00347669604334608,413.288297911232
1016,500,0.771367335556764,0.0843759225273337,458.040544078439
1017,500,0.958307746428493,0.0861851842768192,745.339850381193
1018,500,0.808554659660719,0.156015619515566,690.876543677629
1019,500,0.747227370859878,0.16997144012228,586.618052127885
1020,500,0.918242285911855,0.00436139062009379,624.370598162586
1021,500,0.845717553322194,0.144751179331385,749.491804200379
1022,500,0.924200689859549,0.194518666300775,675.870854587262
1023,500,0.978517540974473,0.147241399877708,815.238695926902
1024,500,0.7564232777374,0.145652422154121,522.003991700589
1025,500,0.688495256443406,0.208910390346285,287.347469403604
1026,500,0.906732844844712,0.101957913963296,304.588330810363
1027,500,0.995552693564915,0.165847129018106,715.924648776073
1028,500,0.996402381313266,0.0750322231964283,231.730619621835
1029,500,0.962280639641047,0.139501221725654,746.608378642391
1030,500,0.9163885892415,0.168140868259756,887.760794395073
1031,500,0.888416345608491,0.0625240971962549,627.050280308306
1032,500,0.80057004411445,0.0826740283577219,290.777351643224
1033,500,0.754485091652852,0.0154016111316495,599.193496125028
1034,500,0.905285099487435,0.1760077812081,475.401015953439
1035,500,0.792503020282206,0.124207925659033,613.730203015905
1036,500,0.745857451581443,0.211048126720011,641.368229731763
1037,500,0.704247144086338,0.158870104141977,829.800374883994
1038,500,0.663692632520087,0.181512134246791,595.042535053127
1039,500,0.78189244660757,0.0670247472858522,342.415974470726
1040,500,0.905662799689411,0.0757800429777224,510.929663874662
1041,500,0.933332084406223,0.181047280813895,246.926460051126
1042,500,0.800383703623591,0.0125954708450586,370.031117574786
1043,500,0.80766204102309,0.188457913718669,252.900361879771
1044,500,0.676100252743014,0.157059648034204,245.750335085121
1045,500,0.869144814513912,0.163191065004548,415.704030665657
1046,500,0.778613533933051,0.00803094156995974,538.765197444162
1047,500,0.685421213769284,0.18592187442469,412.913707861931
1048,500,0.860455219023586,0.0953656713763196,263.539543621387
1049,500,0.967867134564654,0.0208578979443815,858.253497706038
1050,500,0.762215996408747,0.0494967488350924,628.532591603321
1051,500,0.941875179163292,0.0433978624769244,532.277417187234
1052,500,0.913594824876571,0.191584655309351,748.271339993913
1053,500,0.676341564229759,0.0973360785435867,441.034916722179
1054,500,0.895785411564289,0.132708909562178,708.638748912337
1055,500,0.806570969714727,0.0914564389577899,410.913397298111
1056,500,0.774130726347398,0.0522485556456204,661.657563615498
1057,500,0.675958368408326,0.0141779548749402,521.147346296976
1058,500,0.690462453724383,0.201961967847604,595.793247808233
1059,500,0.759439587107073,0.201434408252265,415.576320958736
1060,500,0.888620377284414,0.0372601234316882,559.219026486592
1061,500,0.850518356082784,0.107063215764329,488.121815842405
1062,500,0.912176256076358,0.117878899071638,422.051785696932
1063,500,0.875238997013257,0.19366734327436,386.494651999219
1064,500,0.75733283195267,0.0824291280710064,426.279999242882
1065,500,0.73045001589465,0.0337473558788057,780.300965840147
1066,500,0.850968977235705,0.128970174181648,558.585928103446
1067,500,0.954845912125227,0.0354027959913947,513.104013035466
1068,500,0.8994743968713,0.155499353742996,466.95661902527
1069,500,0.89095462993829,0.0171369294966515,427.164806729018
1070,500,0.796094838163792,0.0244549202760793,702.969670716199
1071,500,0.832332617534245,0.173034074989971,734.545863225463
1072,500,0.799304275748059,0.186259416981792,816.89968057438
1073,500,0.691460231963499,0.0534586212947443,744.17061623042
1074,500,0.875736480381028,0.0923509725749642,316.001735311415
1075,500,0.989415622175359,0.0710054199378379,433.063697720521
1076,500,0.907495248229504,0.214887344699353,741.627193933501
1077,500,0.679559207826145,0.0740798310709633,371.30411380989
1078,500,0.750366938042501,0.115154228748903,788.157407682512
1079,500,0.931412895154757,3.73950392212719e-05,556.862623025285
1080,500,0.849401664479938,0.0305140556082074,886.274061997934
1081,500,0.884874811054296,0.135477877811255,698.475713101369
1082,500,0.701661895023901,0.0484235989964884,295.563624376846
1083,500,0.906009745641802,0.162143277851801,408.165860684578
1084,500,0.816198410695191,0.0835374758777674,654.509778564665
1085,500,0.730129391519274,0.06932854918289,280.228867563641
1086,500,0.735610419012313,0.0684340923145451,475.834597545075
1087,500,0.975433975570854,0.208124649549745,479.207970421503
1088,500,0.952929661642401,0.0188518587369304,546.600773570894
1089,500,0.6933914243718,0.0349953541337382,411.873740355637
1090,500,0.963914336646628,0.069846238247579,320.073885757931
1091,500,0.707105135111623,0.0119636313251462,883.862166341758
1092,500,0.755920059828809,0.169244707781274,470.470232840037
1093,500,0.97299799104427,0.157930253421279,388.42388553279
1094,500,0.735403496810594,0.211496635029132,419.156900090316
1095,500,0.773685918168155,0.0454722020480186,285.270817543921
1096,500,0.735089473085492,0.112892638584383,522.733785098679
1097,500,0.809334459850951,0.0394036682390571,242.219069320829
1098,500,0.95449869338294,0.0384472514858041,838.81490534773
1099,500,0.93402910732653,0.0881608013745882,332.004248140018
1100,500,0.876892748992778,0.0253792298184,374.449383094749
1101,500,0.937594630306144,0.110662515455682,722.669597122967
1102,500,0.861103324520262,0.127966407082831,281.843894286695
1103,500,0.910874812621991,0.00748102689677104,394.069485711569
1104,500,0.747907477563773,0.155747519551579,259.105750669466
1105,500,0.924059289015825,0.0600763468509726,280.424968182928
1106,500,0.822877665703632,0.197210291413693,285.791770750485
1107,500,0.750572949423357,0.0701406355811991,679.75393834066
1108,500,0.895500667866124,0.0653341863790993,511.502309479702
1109,500,0.842256737799835,0.00476546953194961,344.210885555885
1110,500,0.966592080153553,0.0702793471216187,710.394757458176
1111,500,0.993359792385199,0.11394434222685,697.2223287116
1112,500,0.802664968067198,0.211444573531492,338.528490770029
1113,500,0.745138131634444,0.20975895839393,665.163610967525
1114,500,0.836426940975776,0.165312656382613,378.391581949759
1115,500,0.728714940418853,0.186099664431078,609.848637196131
1116,500,0.795818887296012,0.213557159188338,247.698264117369
1117,500,0.89186402179793,0.0316643009196091,550.159123202905
1118,500,0.755202105702609,0.0184454122331087,400.725874355695
1119,500,0.944361069015134,0.156505185859127,897.370895596019
1120,500,0.999911191536719,0.190982712357162,783.256320927763
1121,500,0.673337234333903,0.0933198566288296,373.850449256726
1122,500,0.940708660731455,0.15730183652563,563.715420464235
1123,500,0.900057156873727,0.181395367720915,750.445876270016
1124,500,0.825473021328775,0.0675622721584104,315.413077793624
1125,500,0.688642838965948,0.140304431561971,406.955278670435
1126,500,0.884341615334107,0.171140738653712,797.153665204039
1127,500,0.709262022026833,0.193280870691519,679.480769181216
1128,500,0.751947265938018,0.178696193938119,872.630411573208
1129,500,0.682798591715051,0.180363986877792,458.050436834537
1130,500,0.687117618875364,0.147430616167422,857.345419399813
1131,500,0.965468923714329,0.079671882594293,317.805415230486
1132,500,0.663887794971755,0.202216039118674,732.503574174057
1133,500,0.938429597806511,0.0791556348627135,488.591518074058
1134,500,0.752576771892617,0.0919054597198237,663.789653696654
1135,500,0.724567575188661,0.0243695631369185,478.904037619347
1136,500,0.934633654858563,0.0576742388373837,321.406850725351
1137,500,0.977067576717315,0.13082591944897,703.123561603145
1138,500,0.934106455325238,0.0667982140390724,269.175521809588
1139,500,0.797837130477862,0.0711785872943848,480.406112041966
1140,500,0.771626754280916,0.0563087059661429,580.256244302303
1141,500,0.959014800298652,0.155602867170319,855.67565861224
1142,500,0.96310081848301,0.170051707189171,704.720609558047
1143,500,0.72409565550989,0.112438375829358,775.26724499869
1144,500,0.867988071000082,0.115583884842284,598.198781753372
1145,500,0.860230702871685,0.0294127726069205,885.102225899153
1146,500,0.939012972594653,0.0478904053804111,758.437137188148
1147,500,0.662025931732273,0.188976727775143,431.231918259783
1148,500,0.948154439895111,0.00468811883367039,282.520203537438
1149,500,0.72146036760116,0.0622543448901437,879.869527165101
1150,500,0.793751284723738,0.137268384543479,429.354028589727
1151,500,0.782973720076606,0.12147451760407,293.578628854472
1152,500,0.969143187001385,0.099246050128933,620.095684804984
1153,500,0.849201482813237,0.170689629913213,328.616854544979
1154,500,0.734615358770359,0.0723702938898001,596.371673661014
1155,500,0.985648949888167,0.0473552396988887,875.241236298872
1156,500,0.969990084617166,0.191860807930777,836.808761463974
1157,500,0.716891767482297,0.184475356863013,643.142439236315
1158,500,0.971712137772311,0.18333965554796,577.027489807628
1159,500,0.943806006990657,0.201614396413649,738.356280530767
1160,500,0.6662580109302,0.103786597464357,312.190927641966
1161,500,0.904413785364847,0.0858968649500124,517.229242288669
1162,500,0.870815759569481,0.0717451093109082,433.901576487671
1163,500,0.977601705509815,0.0845205242869109,847.227165091997
1164,500,0.964573128682268,0.00144258502688259,233.838970321838
1165,500,0.782574150481345,0.207638867354739,534.597939002302
1166,500,0.963352938825898,0.112032095842637,233.939845882719
1167,500,0.747565937616923,0.0357891381798014,859.262633273703
1168,500,0.706598070226284,0.0263314881922267,755.547905316987
1169,500,0.7033169862642,0.0181009657828566,579.011677794971
1170,500,0.670903506754083,0.0964593038189225,735.621686038395
1171,500,0.718324770487463,0.0515202986962069,629.305367084104
1172,500,0.791739137646528,0.141076734369993,602.29387328894
1173,500,0.941762708813315,0.0936744778068848,255.112967962702
1174,500,0.974868757911837,0.207873270706186,890.975917508673
1175,500,0.921782492402638,0.0634194971182756,681.758530030516
1176,500,0.852019146894179,0.0754926950239409,761.983047590566
1177,500,0.803654913103036,0.0647708896642327,615.199572769921
1178,500,0.837327147228816,0.0276045902796127,515.86427976355
1179,500,0.976529490780658,0.0427517186696827,611.614370208168
1180,500,0.722077274442702,0.21318630026623,458.7671673185
1181,500,0.956418307033,0.0910665518391542,832.408181866788
1182,500,0.88959213333989,0.0612483552721515,254.293852273604
1183,500,0.9980890232568,0.13915551283923,606.795256106103
1184,500,0.794325711264531,0.153827398387659,829.636862063059
1185,500,0.868485857101884,0.0649704949440155,866.181401196043
1186,500,0.952581557555618,0.129797597401919,867.773972214079
1187,500,0.712555309346956,0.111719395667838,334.842022981451
1188,500,0.830278099598647,0.104221547774445,347.335631529416
1189,500,0.764060088412384,0.0278434276617263,395.26203776709
1190,500,0.678224846347775,0.00734197366820276,265.108544703634
1191,500,0.835537810329157,0.172892532821624,779.563068526498
1192,500,0.870728513734271,0.078532727998836,841.951205059215
1193,500,0.69726456408103,0.199270683131503,622.539691444818
1194,500,0.761039267295357,0.00767941188921779,531.205061289293
1195,500,0.708381429046453,0.20178590744484,773.591395602237
1196,500,0.817413732631979,0.0448750218365416,831.142830675243
1197,500,0.915075617867312,0.0939627304508407,355.398365317034
1198,500,0.682119145686771,0.109494868512657,623.406842739553
1199,500,0.87730315142422,0.103926161124827,674.202301454238
1200,500,0.876939677928644,0.108648191297092,718.082523981221
1201,500,0.853760025396501,0.190233127526499,333.063164310331
1202,500,0.862968996602134,0.1341116545197,705.418525758596
1203,500,0.766502911013961,0.122216978321191,325.355426991668
1204,500,0.950627954520336,0.202784571568871,696.583229364462
1205,500,0.999038888550838,0.0555742025085669,506.027111611857
1206,500,0.669724371288479,0.161284095042983,544.121929217403
1207,500,0.872083839428709,0.0256548900323678,539.289112698839
1208,500,0.772125209810212,0.00899444936064072,270.316470052385
1209,500,0.997515707721924,0.177881248181049,318.510859210724
1210,500,0.797033876752304,0.196368588314429,813.576400948761
1211,500,0.883207384473919,0.141810763389839,512.133878098216
1212,500,0.856194884897741,0.11811948404732,812.876756738924
1213,500,0.984215020480361,0.159462968410157,804.894374050411
1214,500,0.680352788874493,0.0665204766075443,836.38306658585
1215,500,0.764416687819608,0.0512292625006624,648.023761874787
1216,500,0.798511390275504,0.140875792703222,337.831400684583
1217,500,0.858219020382008,0.110160502550382,842.893164260308
1218,500,0.855135451106792,0.0767364604999814,227.163167865411
1219,500,0.844432493447503,0.0200608101305813,438.14352171953
1220,500,0.823271077329377,0.159058110980194,313.998074514746
1221,500,0.783547146323766,0.192389328009037,555.804733285977
1222,500,0.727584263354228,0.0281527678574659,305.697524165063
1223,500,0.835827076456617,0.077795308608273,870.004531821771
1224,500,0.929075827001585,0.0491413294523545,671.704274205104
1225,500,0.855229671020326,0.0431844962101243,489.564369196343
1226,500,0.69693906492372,0.182165936727891,631.749063919214
1227,500,0.804125169700901,0.118227288251258,332.518217048945
1228,500,0.84299150009857,0.120393174511174,570.751377283388
1229,500,0.784802185828192,0.0319637578448765,646.532539216811
1230,500,0.9187715050057,0.163955198886551,799.768643473578
1231,500,0.815554380401545,0.138835815370258,882.464591318064
1232,500,0.768306041307738,0.0445067516801655,490.761537479001
1233,500,0.84876961952256,0.0011084990779683,444.858287079233
1234,500,0.680904409772586,0.135665144769458,845.925853661794
1235,500,0.722326168708745,0.210906066646054,484.12663264536
1236,500,0.675052468088153,0.122974746366067,291.782962974149
1237,500,0.74614788873347,0.166598702904062,590.158193501271
1238,500,0.886819212176865,0.105462952988695,361.355576885888
1239,500,0.821351638958687,0.199092228769183,228.614328438593
1240,500,0.732443790259878,0.111006098713975,736.802710229991
1241,500,0.96586723414598,0.053207533101188,763.113618835372
1242,500,0.843640294519416,0.143130658407032,589.388089022339
1243,500,0.904752893897453,0.0968429211714752,649.286196728425
1244,500,0.823711866245475,0.0268850911538992,364.209375551027
1245,500,0.79688167063707,0.126744650479618,850.380955639183
1246,500,0.852384406351554,0.185321514753794,809.011174304585
1247,500,0.862180384087297,0.0375506511149034,841.790924313739
1248,500,0.803435223247986,0.0583643168012649,346.810619293008
1249,500,0.996970056925016,0.0361134944383297,757.780303466799
1250,500,0.935042191108414,0.0456702522309758,766.547041737634
1251,500,0.916860234616711,0.104529985430472,839.28348062283
1252,500,0.805709618810941,0.167346044210633,749.874915915972
1253,500,0.983965655468027,0.215911489988834,397.748279224801
1254,500,0.726808305711607,0.013866902231941,275.340021620298
1255,500,0.756560365997944,0.107759896592969,277.867495346199
1256,500,0.946236692815567,0.189906814406477,881.625668376455
1257,500,0.703804751049741,0.00505312707880139,277.458291552223
1258,500,0.974723718571691,0.0847823475503828,793.680543497552
1259,500,0.874986489603426,0.209561118935136,701.474723793074
1260,500,0.760581395808961,0.150466243669985,833.189682417117
1261,500,0.935095921526602,0.124745102399049,363.158119710699
1262,500,0.967659964067317,0.153633493889166,781.448005630727
1263,500,0.824129310607803,0.120178264925446,291.433526672027
1264,500,0.94710144441654,0.142043078818593,789.734342151598
1265,500,0.819764031356559,0.159197252987701,736.224601847094
1266,500,0.694206948298956,0.166066192804093,577.477038929397
1267,500,0.731701172077358,0.19802045301868,632.902492425557
1268,500,0.920658920425232,0.178132694475157,706.594090858345
1269,500,0.838677437630729,0.02893539503913,632.312468421791
1270,500,0.899236184076164,0.0582270531496927,288.547750017466
1271,500,0.951000269163949,0.198529155210771,760.399111120833
1272,500,0.839136792740864,0.172368331345668,759.467428003581
1273,500,0.984485080081485,0.09669059528758,578.547261211998
1274,500,0.688970616806755,0.116164556612073,495.860197700353
1275,500,0.927666869824408,0.207534188193195,640.394062690388
1276,500,0.805457023588535,0.0913022910510879,757.642121657817
1277,500,0.790209657065673,0.129879415761542,266.716326315008
1278,500,0.7382262379249,0.152151073706545,459.871500321748
1279,500,0.725331513481219,0.146330749757325,819.976543243626
1280,500,0.950089105391782,0.0390506954818033,303.456321422456
1281,500,0.965311366735958,0.156964194849724,485.476010093064
1282,500,0.788639014314022,0.103574743931254,514.070594336456
1283,500,0.718940073480112,0.0990633335009068,239.566484104858
1284,500,0.983285915472875,0.136846160927938,593.507455009784
1285,500,0.80743492503969,0.0916533234619964,657.985868006292
1286,500,0.725929631049661,0.130433916599806,685.296347960093
1287,500,0.922852717134166,0.189810218585165,655.473616883912
1288,500,0.821582528460305,0.215189943749702,859.475671157528
1289,500,0.768998205640209,0.00833746379355714,300.376357606856
1290,500,0.770954890362932,0.0551922271429841,600.076492652521
1291,500,0.67799591631108,0.204556999054458,769.704953993468
1292,500,0.87884690587597,0.104569648418969,884.733971189781
1293,500,0.918438988741729,0.175121822202433,645.875978380665
1294,500,0.752362026726408,0.0836853076885231,443.846024308405
1295,500,0.819901992117022,0.0101913944718484,561.004689179721
1296,500,0.84396401987744,0.0237041777174883,506.971854873947
1297,500,0.700501553428676,0.102982289807199,689.83917022563
1298,500,0.675358655296792,0.0216423729746025,344.622063362995
1299,500,0.834950115435505,0.0854277073433194,862.425216845404
1300,500,0.66234448379844,0.13466504372016,796.243152751247
1301,500,0.928528141391617,0.0604445933067631,428.00498717019
1302,500,0.66722066557575,0.0440656292388998,354.566557131422
1303,500,0.733469316097926,0.186480553927425,279.366295946
1304,500,0.79467729874006,0.0475281309340205,792.682274151549
1305,500,0.914095750435777,0.13515888485712,547.590943994556
1306,500,0.881586707880464,0.117702403887536,615.971605196725
1307,500,0.794037236493216,0.191796768772798,762.82462634479
1308,500,0.967323298711618,0.0643482357582282,529.865351574192
1309,500,0.883601474718787,0.0428731303906906,636.340935090234
1310,500,0.865534007447362,0.0928617890356611,730.865818350064
1311,500,0.89021506041206,0.107786280133378,292.722309736664
1312,500,0.828545496679703,0.141294116577744,372.792911151643
1313,500,0.937021850732034,0.0833751550108194,387.755789430129
1314,500,0.968197739665522,0.198317696675828,408.446975427898
1315,500,0.949024868985578,0.155029761732906,454.828649306632
1316,500,0.857529237244092,0.0404378559474125,289.714482761142
1317,500,0.684900320512941,0.176150814297399,660.299993841582
1318,500,0.754566600672351,0.0651923354711775,895.22163008705
1319,500,0.858320494687436,0.0117598414892033,307.166674288536
1320,500,0.744410917807282,0.105112554536076,283.430480486513
1321,500,0.75978257739881,0.010100102062678,241.027988403333
1322,500,0.924777324202443,0.00284632401718385,531.562504677467
1323,500,0.986159929802702,0.158120257469544,271.19306286001
1324,500,0.972069587479145,0.0884502424684446,439.154043987446
1325,500,0.90251787814578,0.144648296821028,886.054277148772
1326,500,0.983408543437165,0.107326323003285,492.538026076877
1327,500,0.972516469671964,0.212097940751625,879.103915141622
1328,500,0.834208077377277,0.0463973524797633,845.209188082756
1329,500,0.765206863801479,0.0734512766528763,834.875668643509
1330,500,0.783997954278858,0.000812129556845874,620.470482617609
1331,500,0.901370272855251,0.123556560709773,334.292288923922
1332,500,0.959580939807044,0.170263766710745,345.782055115072
1333,500,0.723429268432613,0.0752339021475725,875.633167769378
1334,500,0.87412410881557,0.0121546756293867,575.62164341384
1335,500,0.712312089330526,0.0579678616346195,293.960595967561
1336,500,0.978856669875411,0.143394631444048,667.148000382969
1337,500,0.905112914562877,0.089614441127317,553.32647584924
1338,500,0.995182455407833,0.0619861286031604,507.949911059626
1339,500,0.840575610232344,0.0144089158711899,689.058616600927
1340,500,0.898458343038876,0.203486580790708,442.971947257047
1341,500,0.927499095473201,0.11431874222113,711.394989097918
1342,500,0.850105089665856,0.134894105585592,255.788336475846
1343,500,0.90151341699223,0.185422978379924,374.687959656661
1344,500,0.67198432663647,0.0308662360317986,777.926387162951
1345,500,0.766918119863938,0.0293099299384318,723.322320363784
1346,500,0.671858762880047,0.111416039651167,581.332921441631
1347,500,0.869703490958908,0.0136712479955032,572.23979014648
1348,500,0.833751953187697,0.195453434282798,356.558391901398
1349,500,0.710860946897743,0.209992674001873,301.167835030329
1350,500,0.961589796585157,0.0730497130734846,801.122171552749
1351,500,0.684742736884146,0.210522763080675,717.510131155899
1352,500,0.925689386254484,0.176731871967075,782.692943502804
1353,500,0.874402815848356,0.0155562139680907,794.766485843885
1354,500,0.818802025182471,0.176361738595901,387.287749526885
1355,500,0.84839322092847,0.189412042754799,611.268797847403
1356,500,0.732272970356182,0.036005569234645,380.908335798385
1357,500,0.999589503194527,0.147910782913858,822.371202868508
1358,500,0.719288631338626,0.157608616655191,362.803066445918
1359,500,0.891987882251339,0.206096211870342,473.208157416194
1360,500,0.698663291569836,0.196089121197956,609.337194045111
1361,500,0.715976002711104,0.0950759270635285,384.695723178072
1362,500,0.795306156117436,0.0517248285231069,607.668455677103
1363,500,0.741383018214353,0.152534953033034,726.561967444645
1364,500,0.697954179663058,0.0719628426191993,675.331669476204
1365,500,0.80187006179349,0.0291376805584989,503.678443318598
1366,500,0.665590754339485,0.135879951479813,230.290440870352
1367,500,0.804247784614158,0.18803550229435,693.603702154962
1368,500,0.772405999986297,0.156169125952251,756.850017995436
1369,500,0.66856366721685,0.142261485095523,298.396940342459
1370,500,0.911259727489785,0.1714469322253,877.320164272378
1371,500,0.664854261689996,0.197075450648194,797.437392331854
1372,500,0.923707673203554,0.208808146851724,339.364299419233
1373,500,0.973705906502679,0.178259336942386,569.358475645552
1374,500,0.753667233154322,0.0210366385634467,237.113409091068
1375,500,0.811834275447372,0.197428762633039,381.749915620916
1376,500,0.832918135621208,0.199962378589729,377.041655872536
1377,500,0.717550426995456,0.181997254966758,481.453952928082
1378,500,0.824611393053015,0.0830259863810912,535.124264386318
1379,500,0.818379261037437,0.130184507263921,737.463292113013
1380,500,0.693973282697019,0.176609190221071,301.730109268599
1381,500,0.9317956655963,0.152348329751685,306.451754364423
1382,500,0.813583388517122,0.0960742562537994,403.103654853871
1383,500,0.76550808419364,0.0656566893945113,623.78703847543
1384,500,0.666092208772758,0.117106829255311,787.081942754222
1385,500,0.769826410490824,0.21212913912827,235.056895770287
1386,500,0.994565577786011,0.0271712580363862,666.360780333695
1387,500,0.770222114874353,0.00395051104471274,800.557375001802
1388,500,0.992433864372671,0.202988712090248,416.665078381292
1389,500,0.843571590887043,0.195734782588575,430.655650171247
1390,500,0.996056718700686,0.0416085166472755,229.141618719615
1391,500,0.721628148741019,0.0812733620681148,536.770095559833
1392,500,0.960491450047055,0.154142171323897,781.169372225072
1393,500,0.757107349468051,0.186808536113027,486.72358339183
1394,500,0.988960055786981,0.0565969919265043,272.468790429099
1395,500,0.820162706604814,0.103139490512369,703.96596826798
1396,500,0.813905583200352,0.132417002003023,862.99674881551
1397,500,0.874768504355592,0.191279348914806,359.016079448162
1398,500,0.886279898084044,0.179807782187875,348.959336892919
1399,500,0.858711927016331,0.19290793475166,238.201934360143
1400,500,0.907036752316835,0.184452480784619,497.136069000984
1401,500,0.67420000090532,0.172623396956395,630.306875288648
1402,500,0.944214616851108,0.0904470208959617,331.014238476221
1403,500,0.733209391973978,0.081817766635403,445.464671968222
1404,500,0.765783108985089,0.0421126529127136,634.122052155092
1405,500,0.713624984645858,0.168747943486361,688.013563744141
1406,500,0.787868190490264,0.120807944028039,731.636298887079
1407,500,0.87613406729857,0.196653192141423,709.211217148829
1408,500,0.95756817456048,0.0177408660325259,545.310475574238
1409,500,0.787652441115919,0.0131271738530975,493.941736419617
1410,500,0.840429865221377,0.0158279318100605,546.239419336034
1411,500,0.679816305492264,0.132865953537913,753.570896698527
1412,500,0.939490379347694,0.0223142945568804,314.832476355704
1413,500,0.737502948281751,0.128291065100687,591.244589096689
1414,500,0.903293550639353,0.0379787190692425,638.670869553845
1415,500,0.970868862483711,0.148101175527709,355.725160871966
1416,500,0.92194344924422,0.163503111320492,542.573659169992
1417,500,0.811167533058524,0.00234050767003186,744.802401659242
1418,500,0.911918545850413,0.121325396789543,303.184817465426
1419,500,0.838414471131554,0.114187939345367,463.663047208077
1420,500,0.847617366494643,0.1048006113881,557.488895667423
1421,500,0.894726431782004,0.204409796687935,688.805423012425
1422,500,0.979196526531349,0.00783223104090616,754.923038917042
1423,500,0.987863542107446,0.208584107952459,600.960714138624
1424,500,0.993689029493923,0.0632699678016901,471.45027395533
1425,500,0.987357542444123,0.0820101435206272,430.09839326329
1426,500,0.975686210846016,0.0713136916342936,375.972608762942
1427,500,0.866812580941147,0.0998964868110493,518.994017238041
1428,500,0.666829304808811,0.195176212020976,501.557183524649
1429,500,0.935785589270806,0.0167247465139367,311.354574276397
1430,500,0.916155181149053,0.109114860241111,498.648454178425
1431,500,0.998784322393984,0.160659253124122,888.429926016636
1432,500,0.661646064095409,0.0334820775608495,313.551534443609
1433,500,0.764963312575743,0.0840364573145974,618.631324723331
1434,500,0.788992578074746,0.0451411703928877,824.196716552781
1435,500,0.825973729976858,0.20106071941134,500.177000526041
1436,500,0.727973041620459,0.0345007943307403,554.184962019214
1437,500,0.919328962435652,0.174632455704248,530.665323784169
1438,500,0.986056035996498,0.0596258364717923,441.413673539472
1439,500,0.894081822251081,0.090121705523042,350.481902593338
1440,500,0.66525398729689,0.0681695540348198,636.819843584069
1441,500,0.87161540833245,0.0590612856072709,418.096271755985
1442,500,0.89886442787861,0.0127634756515045,549.588484147564
1443,500,0.936390717462269,0.111201809145592,450.520443374999
1444,500,0.828237973564872,0.0906302554022893,739.03322886518
1445,500,0.855561597597739,0.194271053085303,777.745688600301
1446,500,0.737858912097872,0.0920221941455416,550.401048868538
1447,500,0.802354529630211,0.113275194161564,351.868120485769
1448,500,0.867335140335332,0.198127184107186,460.164119316358
1449,500,0.741201328999284,0.147675232934,682.369035773978
1450,500,0.796663977882261,0.1791834744789,518.310798544339
1451,500,0.94326375725809,0.158627222268675,559.959231081659
1452,500,0.748154382006344,0.143458369394045,569.928342113837
1453,500,0.739128790385397,0.189553717772707,426.806953738868
1454,500,0.78314053118425,0.166286105193805,659.058464786008
1455,500,0.953241819848581,0.112142666451858,701.025257930415
1456,500,0.670176714114132,0.213946015031537,626.588787957737
1457,500,0.930647035212847,0.0547147350318097,773.869649683125
1458,500,0.931250702243461,0.0897233060333077,525.082445415457
1459,500,0.9805389047042,0.0541511119123064,696.337899504497
1460,500,0.986444075331977,0.100594711920138,733.785088455437
1461,500,0.775159995368943,0.182493545566242,263.422044263974
1462,500,0.984987853646907,0.0501202275481615,232.000008091507
1463,500,0.942469840032994,0.0258568454666734,807.557344031271
1464,500,0.716130694614951,0.0874557192810159,678.757785398736
1465,500,0.897717416181304,0.102471621049633,811.871613051715
1466,500,0.710082163313827,0.107378703080015,877.508692229612
1467,500,0.948898824928356,0.0528950267302562,772.716191096932
1468,500,0.985261471092356,0.118672371265791,264.355087169867
1469,500,0.678871041285833,0.0168739216675367,405.128283624527
1470,500,0.932863249754044,0.117448746595362,887.590409156513
1471,500,0.689761705235406,0.00582818519947864,257.947441109093
1472,500,0.864946394153461,0.0733767275130283,267.021257684878
1473,500,0.947605170241343,0.0286343226346448,375.409994105083
1474,500,0.81453994868197,0.0887480567344464,680.29971668262
1475,500,0.795365259701032,0.0222319629857987,865.510457264896
1476,500,0.684409085718291,0.109564600954028,283.900042414299
1477,500,0.847745703610545,0.140045384817939,233.039643041983
1478,500,0.879377330280496,0.0322117287770771,747.463883318091
1479,500,0.758163027001908,0.0946708271680735,428.639864138757
1480,500,0.907831271710345,0.0297234287551884,539.575364848112
1481,500,0.662554368620198,0.180777489604354,708.354845419383
1482,500,0.878079073431483,0.215483739399701,385.394976942563
1483,500,0.686657427588669,0.0313233166420888,891.98289852532
1484,500,0.988231848453097,0.151040292978812,606.93775771022
1485,500,0.902817254912811,0.0994397572974265,453.206809025657
1486,500,0.729293774452945,0.0907695737039018,684.016883602134
1487,500,0.956949582453794,0.0737289217178263,260.85681436416
1488,500,0.692400390986963,0.0715292418335751,668.653267922258
1489,500,0.776965995383365,0.140657158047829,461.343058483562
1490,500,0.687628898004843,0.154860382949704,353.18641694017
1491,500,0.701361592960842,0.1794090010518,720.000679665092
1492,500,0.86760045425497,0.0123571051679403,791.215428760135
1493,500,0.946939828499532,0.0107105562149808,325.41493041518
1494,500,0.740111375223543,0.171638577047858,484.454219360053
1495,500,0.840894939384442,0.0616122614278067,436.703444193678
1496,500,0.986990626720935,0.149832323137974,571.687893758654
1497,500,0.758387523408961,0.0472976769294385,252.021633749396
1498,500,0.853079457396488,0.180841116362639,353.734421924024
1499,500,0.880924428765369,0.0377808993664775,493.433725927857
1500,500,0.69567563757197,0.177177314610315,421.572845302031
1501,500,0.856888457518956,0.190355780945258,340.252972644899
1502,500,0.707897900637123,0.112541715946415,603.99005742373
1503,500,0.940845808453979,0.150051796141718,751.125310975598
1504,500,0.767472886459096,0.188620552867133,752.246140415187
1505,500,0.808984855031688,0.0774218734424449,644.255936531789
1506,500,0.785812851580852,0.114910350617073,566.15301816243
1507,500,0.815947734495844,0.0549224430844802,526.988436480687
1508,500,0.81653149862376,0.206287516250622,654.758052940755
1509,500,0.919617269399026,0.0104771471530013,637.30013434723
1510,500,0.8245114695404,0.0064403394387681,883.347783495553
1511,500,0.997825637699328,0.205937302144267,814.529188396227
1512,500,0.744202646964593,0.0662018184988573,876.630071075697
1513,500,0.735907646805923,0.0341666812742986,683.139188862042
1514,500,0.73380440697771,0.0309658188668322,299.512957246061
1515,500,0.908092961421032,0.0658812200828008,296.150303973052
1516,500,0.844958565892987,0.12272121829181,642.398953217072
1517,500,0.845305871446999,0.106494615831647,686.747350964849
1518,500,0.938789174581575,0.0265256418683063,790.24524650544
1519,500,0.801675254639145,0.049331856878439,265.819838970056
1520,500,0.854770561450878,0.145476066911576,769.778119918466
1521,500,0.960749498295737,0.173685200096687,401.040695075465
1522,500,0.799526145104645,0.0459458245733622,717.038298276964
1523,500,0.669181354088532,0.136699013466468,699.429394441927
1524,500,0.926843661004766,0.188330508746222,496.742897525594
1525,500,0.873289547357378,0.193894869099794,566.808954479461
1526,500,0.973820425810139,0.160948673608605,310.693281847586
1527,500,0.754006451541884,0.10038019736008,312.768583908512
1528,500,0.945452800304461,0.0507431150031723,401.931117984426
1529,500,0.991273742409064,0.0326462064411175,544.692679941759
1530,500,0.761367551181372,0.108562213785516,436.01391724519
1531,500,0.730723454039199,0.202594627239302,562.153315564462
1532,500,0.711457105472279,0.018348071444504,579.495872299127
1533,500,0.982890522302701,0.0888823788254298,463.132416659164
1534,500,0.701018812856488,0.00335349995744415,651.319337217501
1535,500,0.968560860059108,0.116560529408924,537.148220294118
1536,500,0.974374448041548,0.211799773801759,851.35161260676
1537,500,0.992161723445263,0.0339401074876059,541.651501730488
1538,500,0.982150441418751,0.0260219944601543,669.06140057859
1539,500,0.851250129596242,0.164663219481736,819.093680070443
1540,500,0.817808549059364,0.169355548477292,422.414728887357
1541,500,0.8080367322772,0.196792098579045,468.415552626884
1542,500,0.953915972589818,0.175352480436847,873.213078217372
1543,500,0.785517809477379,0.056437014889732,226.041709731611
1544,500,0.738763475824092,0.142430943184823,316.944157061113
1545,500,0.860830496332599,0.054647507729033,656.817500135194
1546,500,0.839213842699793,0.152778403334152,721.208731382395
1547,500,0.781652858163225,0.13782440155291,673.530994928023
1548,500,0.763384374453593,0.168601029765325,691.709130482821
1549,500,0.775740262895352,0.205572971066907,414.758556991662
1550,500,0.936578595942846,0.145801766259883,487.354230322779
1551,500,0.9478986986145,0.0644294137044065,700.197693858047
1552,500,0.887741543719508,0.167957858388199,425.042455196271
1553,500,0.9900492986276,0.212586125610927,669.727880458234
1554,500,0.781191876938818,0.0769439603458755,473.550515386798
1555,500,0.767972675342388,0.185547551778412,358.24112714824
1556,500,0.699954373055748,0.179631806014739,671.009668858975
1557,500,0.728162578804893,0.215128428307414,724.787421604053
1558,500,0.996734209518312,0.0569613429935463,379.235035459271
1559,500,0.827883864035476,0.0706751428557616,825.164220292364
1560,500,0.992742014446971,0.162939112016346,392.393447793382
1561,500,0.97933601382752,0.190686811648121,519.801496859337
1562,500,0.715045313470541,0.0201965727504138,565.722124488416
1563,500,0.837923035453716,0.164926383701172,861.858773055901
1564,500,0.797545790705089,0.0240988113451302,868.0881977492
1565,500,0.822849617607086,0.0368647995965648,765.517707633141
1566,500,0.73786628711374,0.0694895929069966,485.893377706156
1567,500,0.762449878947139,0.174091133162085,849.546894635105
1568,500,0.68315073838504,0.0524498484396357,514.62451938017
1569,500,0.691823638447928,0.16003959403774,432.040390189441
1570,500,0.714322631416768,0.0436918239952661,437.801949060355
1571,500,0.846355615714025,0.184122674828533,829.01798336474
1572,500,0.928221538742324,0.151545373937225,537.908337751226
1573,500,0.928640361069678,0.0439823996992428,691.365705416426
1574,500,0.870075302332984,0.121023645245662,729.894531463212
1575,500,0.818581339562354,0.00280468176452816,528.391378327915
1576,500,0.97799686397925,0.204196277296387,594.412277558157
1577,500,0.926422880369765,0.166973755023854,739.809547021694
1578,500,0.69758332933357,0.128387406026931,481.991244513005
1579,500,0.952381083944645,0.0109175066903885,482.590645944423
1580,500,0.939373588277036,0.0481013275717031,601.702734816758
1581,500,0.933551493273634,0.194086231735541,258.537666013939
1582,500,0.90627023074952,0.0852727177059688,574.793826389477
1583,500,0.898261931600957,0.127444148908345,818.308004651644
1584,500,0.946398240782246,0.100987778424818,360.36966758028
1585,500,0.694347077403092,0.0508847419209089,724.477753273649
1586,500,0.673195107366322,0.169046364561181,633.427206294629
1587,500,0.882320669872556,0.215683709861571,745.573433535967
1588,500,0.695099452889822,0.0354588557398785,388.833058390547
1589,500,0.791518142876662,0.0592889736326393,552.480456508639
1590,500,0.68563882261937,0.0486679200575184,357.483795840932
1591,500,0.769719516210062,0.0332422476228643,662.927452326386
1592,500,0.980261978194914,0.134508424689364,585.650717562631
1593,500,0.951416722672922,0.170480149387306,307.351130068933
1594,500,0.930163361540874,0.149233005225761,628.08351929656
1595,500,0.786887854142673,0.151383577113351,271.778398103863
1596,500,0.909023837663969,0.214530781725755,815.861498730824
1597,500,0.910072098955438,0.139813538579358,727.673796251585
1598,500,0.779537527054017,0.0986433379605375,497.955466044927
1599,500,0.806111725510033,0.0827771841226816,826.880242558512
1600,500,0.846235547075169,0.0726198119025249,893.278907466943
1601,500,0.806345362532437,0.150958283766774,820.997079968706
1602,500,0.676852556299684,0.0554602905305754,469.105883497284
1603,500,0.734315479669333,0.0460465160077438,692.625822625992
1604,500,0.854365886326237,0.0666421675904151,371.988133338152
1605,500,0.743148152957265,0.174515285601351,383.020066556043
1606,500,0.777607872836743,0.186878664326191,597.09199884905
1607,500,0.942993509554234,0.0572696394105982,782.524300004604
1608,500,0.708923432334694,0.125238744849801,695.442502318848
1609,500,0.868944795508329,0.18901068773191,297.03647316984
1610,500,0.832416041540946,0.162471778891308,286.787101536546
1611,500,0.780164583496656,0.0721881461816412,246.478107399056
1612,500,0.885883070803769,0.112996289074481,852.811188915665
1613,500,0.902397028763136,0.198905497736508,670.34552718333
1614,500,0.696287342785071,0.136452066016546,662.371490149147
1615,500,0.972366413981435,0.0808231448051278,852.572635675132
1616,500,0.854013940303531,0.101529844304178,603.382525596226
1617,500,0.908802348470492,0.0594318820883352,547.866154014763
1618,500,0.821094903143509,0.0206132907245737,896.458703487243
1619,500,0.888007690546457,0.160209389963117,252.517536492959
1620,500,0.942594071059776,0.011540118524937,275.877502769082
1621,500,0.92000717011434,0.138025172022259,847.19342834753
1622,500,0.824992853557202,0.203270050257074,827.192562081241
1623,500,0.668168796875267,0.0266597169456426,770.709396108508
1624,500,0.976713590562865,0.122021372062063,455.915177315184
1625,500,0.787269444200038,0.119933066407498,441.969300109909
1626,500,0.991645604121177,0.0815833664056957,236.174859795477
1627,500,0.877824175211634,0.0225496551822033,776.471283066535
1628,500,0.955338040140956,0.0144933258868419,225.122182458305
1629,500,0.731254205459086,0.183641243239833,587.202518887574
1630,500,0.882503791413167,0.101102216008086,893.813089889684
1631,500,0.841546144665643,0.151924255712466,617.036822988761
1632,500,0.959315553725082,0.102758147353174,630.495831669023
1633,500,0.763238339787256,0.0510302935704757,890.875028488068
1634,500,0.686450657997369,0.00613690588278696,533.928663958168
1635,500,0.859385819518873,0.171940520110365,664.715529561439
1636,500,0.780637962895203,0.127358542840188,840.557202466299
1637,500,0.887394069253476,0.0163496411750615,878.571408219363
1638,500,0.954101684302213,0.192825150673125,509.567442078986
1639,500,0.705444942574995,0.00879725742418505,785.401251873883
1640,500,0.987553721194086,0.0637415295786057,502.473238716531
1641,500,0.729614559150981,0.160336585754793,472.422336371902
1642,500,0.964979566418645,0.196229516354822,619.232631887328
1643,500,0.893019025628786,0.127070272390103,330.178375539634
1644,500,0.704767704508882,0.0926033485351726,504.032350542932
1645,500,0.834463381059989,0.0877392335947584,461.68021078882
1646,500,0.769423558200886,0.0765335098518021,826.107334836245
1647,500,0.773288237319812,0.108046733980168,406.847878175197
1648,500,0.988623236907092,0.130636051479829,587.933531063144
1649,500,0.743451090823384,0.105670515503179,298.701890207282
1650,500,0.83164183395403,0.0899954178935084,873.603606936376
1651,500,0.890639849749384,0.212803534652319,446.53592362214
1652,500,0.790476366308676,0.122433356493501,795.640314954649
1653,500,0.763984942602688,0.0332748142281063,634.69896850627
1654,500,0.863345448733927,0.146103889108831,281.567931971303
1655,500,0.862380160387475,0.123425673465427,551.638496588054
1656,500,0.913013162908508,0.0763193875951376,507.299330326098
1657,500,0.671491036637155,0.000950268810437992,854.241688679151
1658,500,0.90355876173825,0.167492577084007,856.14953357528
1659,500,0.849842162294607,0.131395259537715,808.31941857759
1660,500,0.851598608583813,0.11844548746524,687.214997404369
1661,500,0.87984222119499,0.0500282301950678,259.597803900477
1662,500,0.881689984149109,0.0589231186607089,608.252204652695
1663,500,0.713153754358552,0.143694752801187,508.773024206007
1664,500,0.702105703229802,0.194728702069597,742.378076407514
1665,500,0.810741124883853,0.00672018976997025,400.029617811768
1666,500,0.835389559386699,0.163549859879337,660.019232429863
1667,500,0.779223201438044,0.0408986144581418,864.1530347999
1668,500,0.944644188535814,0.12889303276447,844.527002213754
1669,500,0.841758786717299,0.213786003640445,564.481951248761
1670,500,0.885329895578022,0.155133793358987,491.303545747165
1671,500,0.956037132464736,0.163831622993164,694.039952704637
1672,500,0.684126589470566,0.0469480895196944,740.443778518383
1673,500,0.925976104478696,0.1656159331818,694.885771300289
1674,500,0.75147813979208,0.195507998757457,774.788760851345
1675,500,0.889914470830066,0.0273155546747558,367.496246143655
1676,500,0.962609822508157,0.199607436004495,812.368272143289
1677,500,0.708069517452503,0.121739375406956,725.590094359305
1678,500,0.921446282367166,0.0598433135825694,244.642152816057
1679,500,0.775983408819875,0.052519526361689,360.696366283133
1680,500,0.731877167357099,0.137146773314098,339.832098590094
1681,500,0.814910875786417,0.0312513223559652,294.865146647464
1682,500,0.945871577878054,0.125546702374957,573.118496916834
1683,500,0.739494960768288,0.0696735515131988,658.457588886394
1684,500,0.706379278355436,0.00170524808971211,449.482251377748
1685,500,0.859191191385114,0.0792722824947461,503.033077935404
1686,500,0.669150703563723,0.0164629710573368,568.812603918533
1687,500,0.864198587892889,0.0482096095544826,483.419951235147
1688,500,0.749870298447241,0.0861114466155209,680.998488125033
1689,500,0.894290223463587,0.00918351149825379,333.742247367267
1690,500,0.893532090168381,0.0686670040451847,336.137910523611
1691,500,0.719981981031266,0.0212847089197207,274.762642420479
1692,500,0.941208714979603,0.132084248445092,324.728007497703
1693,500,0.758654569319915,0.148523858382912,730.610646732598
1694,500,0.789409345462709,0.0325646682360806,651.274653399597
1695,500,0.828825827418324,0.20913295260017,865.098045700185
1696,500,0.981911141558867,0.1848780569639,276.413114911682
1697,500,0.896139261929225,0.203961624976667,610.67401009439
1698,500,0.667910370177422,0.133689819752432,241.454336087264
1699,500,0.762877994699436,0.162421026548054,348.219072245374
1700,500,0.702421476763939,0.0957534247300755,248.092630709164
1701,500,0.736590833401857,0.178617566863792,861.26810291858
1702,500,0.973351629691771,0.00842644012883864,558.226905234011
1703,500,0.917590596004343,0.102343967554746,384.584230885364
1704,500,0.692256491370089,0.074837620020926,433.145760632035
1705,500,0.799850132221044,0.154329925800981,755.968531034443
1706,500,0.784136192425229,0.115441985329617,574.364217968115
1707,500,0.845062030305765,0.0607952053128406,244.619869591868
1708,500,0.913825073499195,0.144476384260682,650.025242430444
1709,500,0.692795613529352,0.179989488438461,404.172476691196
1710,500,0.660157377677392,0.0228678070536945,287.901605823761
1711,500,0.859644821467139,0.167630565039083,843.895607184034
1712,500,0.899776988927079,0.0320549369958099,743.073168710119
1713,500,0.780712668682891,0.125438344457265,257.404232241594
1714,500,0.87839950263896,0.200337130829584,868.792237577929
1715,500,0.662961362778135,0.145252550642095,329.528758577433
1716,500,0.952014730383083,0.0284353006028552,555.376725557446
1717,500,0.961206325219767,0.187528508774444,833.811265098261
1718,500,0.774614640728617,0.103279207453692,365.553742521729
1719,500,0.67924076167597,0.0452630710164439,383.852045114087
1720,500,0.86519845541134,0.00374696545442753,575.978349956913
1721,500,0.678454643067694,0.0629254437300526,377.877354625033
1722,500,0.822083083992912,0.015187771016283,804.363889892913
1723,500,0.932012921324288,0.113577347365709,439.643689446291
1724,500,0.739764011213863,0.140600074074665,591.646618053504
1725,500,0.664309262937703,0.129461152189247,748.011596646835
1726,500,0.960157841796493,0.131092826440299,661.370568397981
1727,500,0.77310899329016,0.109034185231503,857.128238973713
1728,500,0.929481527336626,0.0252680040277597,806.404391616966
1729,500,0.833622933026147,0.097883819039572,322.84710872607
1730,500,0.800889694207935,0.0346977618581839,513.867382361883
1731,500,0.714440576306041,0.153294216434464,380.133564869046
1732,500,0.853324979670113,0.179011757490568,665.719995181736
1733,500,0.970591551323915,0.136221556034546,719.879100213458
1734,500,0.995718700749143,0.168428911043253,871.867521577296
1735,500,0.915508059677421,0.0850599167796951,469.791806438888
1736,500,0.908534114935957,0.158430578827132,843.35784189011
1737,500,0.807003159103193,0.120535391052699,366.813038095869
1738,500,0.914636125875059,0.00429789186936244,443.922884909825
1739,500,0.833200050444161,0.0984126535167005,326.733109656972
1740,500,0.94006269067016,0.0402547692837249,344.941953649593
1741,500,0.753280064129606,0.177438409670385,824.929900598479
1742,500,0.718673630840145,0.0535839371585268,418.947056232202
1743,500,0.813016884978763,0.144243196331983,614.821681614362
1744,500,0.910364758785847,0.0175318584225811,673.34537276734
1745,500,0.69308943340743,0.207294360618806,397.163719305941
1746,500,0.71973970448798,0.00951305897837318,653.474280518343
1747,500,0.77881893841546,0.0587297124481369,351.131775415711
1748,500,0.724663925057715,0.0364905571593661,395.489098075683
1749,500,0.698339325315505,0.180214870040361,454.102867984619
1750,500,0.937374681828502,0.0867492540123872,617.875243654705
1751,500,0.681668905443065,0.00586451615887508,580.666894559006
1752,500,0.829058456147891,0.166925956417998,874.525708087794
1753,500,0.896998004604042,0.174172823260183,235.357749342758
1754,500,0.660713596487334,0.0233142880789507,656.541263823027
1755,500,0.836960181247387,0.193495474366313,389.851183416513
1756,500,0.966254540272248,0.00667599328765646,837.513835085541
1757,500,0.846743610523492,0.166415522768894,477.386788218371
1758,500,0.729908230283903,0.113653803281374,867.147001155157
1759,500,0.830461447671545,0.100694281416781,805.495564127519
1760,500,0.989671621691221,0.142890812412959,453.474686958809
1761,500,0.971216325655719,0.0113276059106681,456.261056592091
1762,500,0.801272221774426,0.138516582796823,752.91509361416
1763,500,0.674695437613693,0.204867412924921,837.868878716124
1764,500,0.990483054768261,0.182614925256947,390.748656406509
1765,500,0.829603844830748,0.0399150336397458,584.023524954645
1766,500,0.704050925508575,0.0422684352828395,562.903840081882
1767,500,0.856591036250493,0.0380976387641374,510.105806495324
1768,500,0.822441746570123,0.0498578405751139,771.50389852617
1769,500,0.820729308161526,0.0391344779992495,297.381628834854
1770,500,0.861784550768295,0.153394392145229,533.305206975081
1771,500,0.85759694221342,0.0933097720110286,270.166123030337
1772,500,0.917321704965597,0.00976974096536636,329.085175461494
1773,500,0.826842580647459,0.148279804719446,598.054823933506
1774,500,0.900711351718055,0.118817808195854,526.043946688521
1775,500,0.863979348643706,0.0134845569672883,848.937777474561
1776,500,0.897579336220762,0.205734737125659,807.048071183894
1777,500,0.673603314587632,0.0304185026563648,341.263647579885
1778,500,0.790773148302846,0.124488342592523,243.122695269865
1779,500,0.74271739693224,0.00532180251643248,322.356100834231
1780,500,0.78630327611458,0.143949371106606,706.429329196384
1781,500,0.712924704095595,0.0435490826565977,817.364963972671
1782,500,0.8364805572925,0.190754309087584,672.65676191454
1783,500,0.782164352102065,0.0218929777566791,396.149358493839
1784,500,0.925316161230309,0.114594398965241,394.596426756609
1785,500,0.792910458517484,0.00694274027266167,256.5254106459
1786,500,0.958056461971956,0.126272386334555,613.551169249195
1787,500,0.744754012746355,0.0673293758452591,764.319951055041
1788,500,0.755693053055033,0.161678062201699,466.209960642567
1789,500,0.6806445639922,0.150132555108827,529.084776660636
1790,500,0.785122315511359,0.137577392718388,676.211311547626
1791,500,0.67021611523008,0.00308194750373438,409.795343491105
1792,500,0.750819995155646,0.0677469888706896,382.308972416002
1793,500,0.698900687024556,0.0988199713102039,260.288063978429
1794,500,0.777921243276438,0.0788660206173118,753.942418195253
1795,500,0.720583679617643,0.053095118176382,447.017711611017
1796,500,0.711890471772067,0.147073081501499,480.171081220092
1797,500,0.935595963692823,0.177042338792844,855.212092941784
1798,500,0.757721474963971,0.063966289555382,881.057029891271
1799,500,0.982470960336169,0.151703814335179,435.781152968465
1800,500,0.799016556081725,0.0728339815803263,262.27547140966
1801,500,0.727270127519784,0.142773707262989,794.32841821087
1802,500,0.702630534436107,0.164278036573654,500.676439741788
1803,500,0.760244216138511,0.203206407838192,310.03089015778
1804,500,0.793362346766959,0.137804990178315,625.242754471146
1805,500,0.689945075347596,0.17559500527316,540.6426657013
1806,500,0.993999658893859,0.0250264480181672,802.718626461182
1807,500,0.88653145257982,0.0558813107170165,420.631942428386
1808,500,0.809815048424373,0.0891483689739145,667.921313072813
1809,500,0.707449587106234,0.0489044313132931,648.714467096018
1810,500,0.69102047866093,0.087656251220176,612.587534685436
1811,500,0.953738389830389,0.119410716749551,369.342320937093
1812,500,0.809963754786248,0.0636123505089115,261.871043918749
1813,500,0.840144493496949,0.161795703841466,760.162374853439
1814,500,0.789647865409139,0.125984829349218,284.881259850383
1815,500,0.749199743033061,0.149276199694801,582.65752098893
1816,500,0.723125986063522,0.124190824676855,721.640350330722
1817,500,0.92103845411472,0.1384552121122,238.629543863578
1818,500,0.705037886816505,0.100123098922418,733.115671247813
1819,500,0.819418615145162,0.165179071697759,467.683350204757
1820,500,0.957467770818314,0.119725312760275,677.579822967697
1821,500,0.715461771213752,0.199572246435458,561.144493310396
1822,500,0.760828302328279,0.101364794546127,540.901112710732
1823,500,0.827229328685957,0.0467854437197372,336.991521732116
1824,500,0.922754182070293,0.135418108056592,278.510506523365
1825,500,0.865934471336352,0.0300761977375969,823.180337956752
1826,500,0.980868532608654,0.0743417413228992,434.663947816659
1827,500,0.814081621671189,0.0806671719316598,526.151990522943
1828,500,0.842105184179572,0.115073591278167,390.464048868683
1829,500,0.881234015021846,0.0956859490407966,309.028737507497
1830,500,0.924924700989616,0.019738491645148,626.213683662877
1831,500,0.689285705409832,0.0610864972270746,489.721032131911
1832,500,0.748794420122742,0.19492095269067,495.744347609006
1833,500,0.711320348083889,0.0504081690256298,290.125489324872
1834,500,0.677492013609884,0.182901627875665,409.253889151512
1835,500,0.721035558593874,0.141552819670904,803.845300794004
1836,500,0.892667930851444,0.18730460964665,811.186293691511
1837,500,0.759244969916251,0.0928893701441567,712.844822046566
1838,500,0.717402913199351,0.123156064069424,308.045794218491
1839,500,0.856033434114964,0.0401712705493905,593.027656653423
1840,500,0.776904319087891,0.00933432220147178,379.401040843009
1841,500,0.883793738593128,0.000336299721557647,640.736918224821
1842,500,0.803128627773738,0.20671706109174,522.304325365552
1843,500,0.830909761963105,0.201215634235477,248.988872577918
1844,500,0.968974711996987,0.131749642087413,764.701791380576
1845,500,0.804536891752607,0.183548512455594,268.526158503225
1846,500,0.961363215308036,0.109932753994161,476.579009418985
1847,500,0.74671730666264,0.0407632918554861,817.81249298767
1848,500,0.879065267792842,0.125814359525112,243.671777272457
1849,500,0.713917563649695,0.0879162754346654,801.888667885441
1850,500,0.976162840467133,0.108382999552896,771.902390197226
1851,500,0.96693114423852,0.0424746842044182,734.793034752992
1852,500,0.772661749876533,0.00557612415890582,583.57286642916
1853,500,0.715385263809739,0.0870610005683899,604.61751907623
1854,500,0.892328838794753,0.160783337186348,761.159822995572
1855,500,0.793201190040032,0.131850541759802,520.199300577685
1856,500,0.900874274044544,0.0413477958634906,600.558900733976
1857,500,0.798280323263402,0.174753310899457,523.518673117247
1858,500,0.866701487807399,0.0614759757470414,712.302517587182
1859,500,0.927119768629889,0.205389450619614,448.034521260433
1860,500,0.755165722215557,0.175806223027071,323.705641762496
1861,500,0.909327493173354,0.20070629905034,326.958344163023
1862,500,0.831877971376767,0.124976989564335,405.563922425547
1863,500,0.922311998514477,0.0560074477315955,440.293259935032
1864,500,0.79105982619998,0.0856769060229845,567.32349829355
1865,500,0.81770730754884,0.131311245098725,425.276882254592
1866,500,0.945131155380164,0.214260649742262,548.845446641586
1867,500,0.998320795261143,0.0387709480206426,274.120243924679
1868,500,0.930394954707338,0.0539609472542703,840.187459387733
1869,500,0.696540335176098,0.036667867240224,423.62630113846
1870,500,0.825893375353781,0.133121749301188,798.284834293052
1871,500,0.871190908095646,0.0783330584467705,645.148023232496
1872,500,0.896339628426875,0.101836840278525,516.133221439595
1873,500,0.672405398812569,0.132234322547598,573.823498016597
1874,500,0.768509635759094,0.187099578123316,880.276365007006
1875,500,0.687404949904173,0.116347178015409,448.784176388096
1876,500,0.784442057460002,0.0230477587482668,835.469366332997
1877,500,0.829727346548573,0.0810715039744098,776.770210734945
1878,500,0.847032488403064,0.139063996803582,319.97179059032
1879,500,0.70610419797685,0.0776359963524956,499.693938478298
1880,500,0.660583958473001,0.0279644384017065,359.595858978211
1881,500,0.808671173446639,0.192528495436594,349.413787498693
1882,500,0.977473154584533,0.146787118447518,889.385848353744
1883,500,0.746366525466559,0.177702452725779,728.691761768302
1884,500,0.915860257319775,0.0161556673609111,740.962444413263
1885,500,0.775368977932599,0.16443177019584,309.691188462698
1886,500,0.767326581537486,0.0949908230766356,621.403552651126
1887,500,0.868404177096309,0.105293539337648,592.358150873685
1888,500,0.893788562285942,0.210260637840467,892.56082772253
1889,500,0.866080053245979,0.0970672977170181,765.883130632213
1890,500,0.969518088174914,0.0417035940368716,554.696866370406
1891,500,0.940246130170743,0.0801915372906458,870.351879309716
1892,500,0.724983361553419,0.024766777277872,452.174496128617
1893,500,0.661070501093785,0.0942006046077423,228.133220953277
1894,500,0.962092886934197,0.183877078741478,478.066448066739
1895,500,0.948509132652916,0.0758863550425004,768.450255812913
1896,500,0.848041794699584,0.00251834731249139,727.127321573021
1897,500,0.951117700082352,0.0329058565989956,352.542653824914
1898,500,0.728601856379798,0.0797510390283521,791.749910534184
1899,500,0.736417799670612,0.192188911116226,462.418837213596
1900,500,0.837738163594818,0.187708380489064,465.605089390461
1901,500,0.826582778253146,0.067907447198052,719.142184029277
1902,500,0.695913334782114,0.207022040214373,226.629586139249
1903,500,0.811551001019455,0.0800520385199357,715.152739925633
1904,500,0.979716686742585,0.0626571642960571,635.627973356715
1905,500,0.672766673559453,0.21070572779768,505.214263477645
1906,500,0.792111874742685,0.0761403902349081,584.783036013724
1907,500,0.699221608273569,0.128684405962609,393.151955605201
1908,500,0.736949461152987,0.126378319526011,250.170861958404
1909,500,0.872168800990842,0.205142960320098,713.85856113753
1910,500,0.742582228785297,0.106031684357498,715.8630599195
1911,500,0.90381969972712,0.0299869334382769,827.93649425548
1912,500,0.949956919566188,0.0234482065546419,707.164641442996
1913,500,0.895086073515215,0.126975415504592,853.820573504457
1914,500,0.77658061505551,0.145087222388322,830.389355218847
1915,500,0.992891322317994,0.127868952928819,646.772024902906
1916,500,0.981487102080192,0.0518991598910429,677.274641983056
1917,500,0.842915563005242,0.0838201991350483,698.075403472575
1918,500,0.749575778415566,0.214417443549771,568.438867646818
1919,500,0.9114890792045,0.0575825529022347,365.891850476517
1920,500,0.990165007605227,0.184973459907152,504.625800071112
1921,500,0.740789920070013,0.16276403389894,778.669560714618
1922,500,0.955574664156637,0.171929618052369,564.236752189985
1923,500,0.710565410950999,0.0961962174859084,767.670055249561
1924,500,0.720377040735767,0.172193245968696,803.056650283718
1925,500,0.920304696994098,0.0745715548324641,370.875853293176
1926,500,0.884413442840129,0.134307637146933,471.990190785657
1927,500,0.816969860311803,0.200612482488295,789.206317716384
1928,500,0.786662150558685,0.181777916290741,685.630436419754
1929,500,0.674425943807433,0.0772558811249826,273.557127275513
1930,500,0.690891085822582,0.203878444464153,424.206194660993
1931,500,0.839858828738658,0.123965854269817,621.850812085697
1932,500,0.990981730529466,0.0191251702535693,787.555766419883
1933,500,0.970200293805986,0.212337209339306,404.462583808049
1934,500,0.83120739174617,0.09441700759409,768.199417132715
1935,500,0.937976788960486,0.082116925816711,895.954523911818
1936,500,0.743673774227072,0.0605979290898778,328.029250763267
1937,500,0.815356434744257,0.00215205040491745,491.737630588091
1938,500,0.723862507599378,0.150572174045071,810.132751067304
1939,500,0.902067365326155,0.106249087776259,684.437613422046
1940,500,0.741646839920734,0.0937852263786793,399.016381747027
1941,500,0.889366692829877,0.0412013926286213,343.500434936554
1942,500,0.73294642058684,0.213288326189803,551.436090343755
1943,500,0.91493713198239,0.197693123649996,419.851226704633
1944,500,0.994231574014672,0.0691119413696006,391.955409161407
1945,500,0.912731415979783,0.15780056986101,785.065961585119
1946,500,0.778213363156612,0.0442993321893979,398.338762708945
1947,500,0.702892965318398,0.0620235466915928,368.803275092164
1948,500,0.880046944731059,0.161549667168891,821.796740751825
1949,500,0.852596292581889,0.0780562280079592,451.247430686632
1950,500,0.705752724017142,0.099580460576389,414.007198480161
1951,500,0.742194529530858,0.0570730032758452,605.150209373695
1952,500,0.683605332895769,0.146570307437986,652.667646754898
1953,500,0.93259375711733,0.122647517361101,349.720795561416
1954,500,0.68245127540532,0.117002863761993,253.428582993157
1955,500,0.748404130152278,0.133714833453912,336.280952562401
1956,500,0.66649304732101,0.0464698135322146,364.894730197803
1957,500,0.909741980932383,0.111474436816061,729.277345176286
1958,500,0.870331919117174,0.159653034901505,451.636990501579
1959,500,0.949408591022091,0.206574051548129,639.618099198077
1960,500,0.766221078489684,0.208275161957106,321.060955754446
1961,500,0.912404201516695,0.116758328871958,616.848881108215
1962,500,0.882963385571959,0.0706176184942201,368.210635760612
1963,500,0.873124754795074,0.0688748494066559,267.872973151628
1964,500,0.709462628137013,0.200021613785131,850.721803665813
1965,500,0.74546052823876,0.106721326493477,495.042154845179
1966,500,0.774387211584942,0.018685123450052,417.594151437832
1967,500,0.686083332127594,0.0110904643786903,224.755936488072
1968,500,0.770591627717805,0.0742564706908632,647.338169891165
1969,500,0.812629577617324,0.0543992318382673,588.797633252721
1970,500,0.677013973286757,0.0975022296164744,701.839889233813
1971,500,0.667589228088614,0.0869071290244516,847.961226220358
1972,500,0.812904423784553,0.0132050579127464,251.220343967785
1973,500,0.885486729538157,0.0369605238869973,871.109587279254
1974,500,0.718129607656607,0.0150286714854632,832.215886373829
1975,500,0.722896630896772,0.0893280616782401,464.176611246146
1976,500,0.872612612868692,0.0195836876101904,652.228881963239
1977,500,0.958671690023127,0.119628703150464,535.627777028264
1978,500,0.863195831786776,0.0981046988630332,798.942899427684
1979,500,0.694838669095887,0.014882926628435,517.493649721458
1980,500,0.788269308928805,0.129312476416714,362.017381759578
1981,500,0.68193836398975,0.0238697907879129,792.277593579945
1982,500,0.805008631420075,0.0174278199839741,239.982900199781
1983,500,0.889085114496998,0.183036518584013,722.083202624364
1984,500,0.891473734165607,0.209358097496554,527.519821809402
1985,500,0.699642583435015,0.148995392833835,863.540159293889
1986,500,0.726178052128758,0.0787524524273369,237.83265406579
1987,500,0.873830064882911,0.154536712205362,474.394011427459
1988,500,0.740285969358711,0.0864341926128175,713.984846362509
1989,500,0.681110949092521,0.0658737456160002,230.634987183386
1990,500,0.956549071874334,0.15296044627407,605.935711670523
1991,500,0.923299649758907,0.110490184416667,411.063553537034
1992,500,0.918022399561433,0.039690979960084,447.837275298743
1993,500,0.876313212080239,0.156671738633165,582.581688016774
1994,500,0.663340849076486,0.139537122610839,319.231606779031
1995,500,0.709922979839384,0.110072844217909,820.308644766542
1996,500,0.716480308440207,0.0349744944965299,456.82425488513
1997,500,0.779759155298895,0.115788129293242,894.477212899039
1998,500,0.753099861414959,0.170928437997708,890.14761986055
1999,500,0.751341813015346,0.106436627123801,786.2878865668
2000,500,0.827436173393605,0.00174928495329805,302.412904240179
